"44p00{""id"":20014,""cid"":0,""advanced_block"
",""font_color"":""#FFFFFF"",""font_stroke_color"":""#FFFF"
",""font_color"":""#FFFFFF"",""font_stroke_color"":""#FFFF"
",""font_color"":""#FFFFFF"",""font_stroke_color"":""#FFFF"
",""font_color"":""#FFFFFF"",""font_stroke_color"":""#FFFF"
"20p00{""id"":20014,""cid"":0,""advanced"
第一个看完
",""font_color"":""#FFFFFF"",""font_stroke_color"":""#FFFF"
FFFFFF&anim_type=2b106308204982668
哈哈哈哈哈哈哈
筷子：我选择自杀
FFFFFF&anim_type=2b106308215594254
FFFFFF&anim_type=2b106308216450714
第一个看完
FFFFFF&anim_type=2b106308220015042
看到我你就不是第一了
承包空屏
怎么只有一人啊
福建烧肉粽？
力大无穷
但是没那么酸
第一个看完
同款筷子
FFFFFF&anim_type=2b106308260220805
哈哈哈筷兄
哈哈哈哈哈哈哈哈
梅开二度
能吃这么多的吗？？？
折了折了
有点想试试这个
梅开二度
ka开战吧咸粽yyds!
美羊羊肉粽
不撑嘛
哈哈哈哈哈哈
好吃
知味观yyds
损仔
梅开二度
你抓筷子手法做成这样，不断才怪勒‘
《 天  生  神  力 》
东莞道滘粽yyds
没错你卡了
疗伤烧肉粽
《小   龙   鱼》
酱料呢
好早
空瓶我的
哈哈哈哈哈哈哈哈哈哈哈怪不得不放手机画面
"40p00{""id"":20014,""cid"":0,""advanced_"
梅开二度
《梅开二度》
梅开二度
蛋黄派这小子现在肯定还新鲜
闽南sao肉粽
节目经费爆炸哈哈哈
哈哈哈哈哈哈
。。。。。。  
《筷子咬人事件》
梅开二度
不妙啊
"56hpԉx00{""id"":20014,""cid"":0,""advanced_block"
梅开二度
所以说，你被骗了
这里的手好好看！！！
甑糕，我超喜欢吃
 梅开二度
消化不好不建议一次性多吃
第二个看完
蜂蜜？
弹幕呢
我是第一！这个屏被我承包了
广东人超级爱！！！！
空瓶是我的
梅开二度
看的我都嫌弃
这是粽子？
我吃过
梅开二度
梅开二度
我们肉粽要赛高
不会是小卢吃剩下的吧
承包空屏
说明螺蛳粉更正宗（说不定有料呢?）
第一个看完
又断了哈哈哈哈哈哈救命，换双手吧
坏了（
我是第700个赞
我们阳江蘸白糖，蘸蜂蜜
哈哈哈哈哈哈哈哈哈哈
太黑暗了
哈哈哈哈
大力出奇迹
北方人已经懵逼
这个巨好吃
吃过
《梅 开 二 度》
真giao级
FFFFFF&anim_type=2b106308375649721
这个好看呀
这个好吃！！！
《酸奶糯米饭》
不是坏了吧
筷子：憋吃了！
我爱这个！！
我还以为是凉了
《免责声明》
懂了，为下期提供素材
要配蜂蜜吃
西米是淀粉做的
咔，手指断了
大冤种
我能蘸辣椒吗
没错你又卡了
有疗伤烧肉粽吗？
作为中山人，我好像没吃过(✪▽✪)
星冰粽
1
无人区
1.1万+人
哈哈哈哈哈哈
人呢
第二第二
鲱鱼粽子
爱吃螺蛳粉的和不爱吃螺蛳粉的都沉默了
《梅开二度》
我喜欢甜的
没有肇庆裹蒸我不是很认可
我是第1273个赞
还好第一个吃的不是裹蒸粽
感觉黄嘉禾变帅了呢
这个看着就好吃诶
《剩下的留给我妈尝尝》
粽子就该吃咸的
看到我你就不是第二了
第一个看完
竹笋（幻视
蚌埠住了
长沙也这么吃
5分钟
霸占空屏
不是鸡我不能接受
看完看完
哈哈
为什么吃这么多还这么瘦
高情商：接着吃 低情商：给女友吃（doge）
怎么没有啊吗粽
没有阿吗粽我不是很认可
有没有可能是它坏了
一口
，蛋黃派是愛吃螺獅粉（停頓）
特级咒灵
第二个
第一次这么早
甜粽！
《特级咒灵》
筷子粉碎者
西米粽！
wc，这么多人在看
第一个看完！！
me too
只闻其味，不见其鸭
来人，甜粽党把他给冲了
他在狂笑
六百个赞集齐了
南方人表示这些粽子做法大同小异，就是汤汁的变化
这是粽子？
这颜值高哇
不点了23333
《几口》
没有白糖可以用干燥剂（
这个好吃！！！！！！！！！都给爷去吃它！！！！
进来的时候只有五个人
没有阿嘛粽(doge)
第亿个
【只吃一点】
FFFFFF&anim_type=2b106308487959768
空屏是我的啦！
没有人蘸番茄酱吗
广东小伙站了出来（我）
FFFFFF&anim_type=2b106308493617891
第二个看完
《阿妈粽》
明示三连
？？？？？？
无人区
骗赞行为
有没有一种可能，它就是臭了
云南的粽粑特别好吃
下次试试上海的枫泾大肉粽
1.4万人出来吧
没人了
高考顺利
浅吃
麻德第二
湖南人也经常吃碱水粽
这个好好看！！
空 瓶 是  爷 的 了
特级咒灵
没有肇庆裹蒸我不是很认可
中山人在这！！！
剩下的给贤宝宝吃（bushi
是我喜欢的！！！
来喽
空耳：轰山（doge
《阿妈粽》
梅开二度
睾级
1.4+
点了点了点了
广东人真的很爱
有点可爱
不对劲
我们就吃碱水粽跟烧肉粽
我就是中山人
好耶！
咸蛋黄粽就是yyds
看到我你就不是第二了
1.5
哈哈哈哈
珠海人吃过这个，还不错
哦耶
刚发出来，上万人和我一起看
（只吃一口）
承包空屏
嗯哼
来早了
碱水粽子代谢的（空耳
"68p00{""id"":20014,""cid"":0,""advanced_blo"
你好短
空间没有扭曲差评(bushi)
小卢…
粽子本来就算是甜品吧
中山本地人狂喜
挑食的叉出去
我第1
1.5   点个赞吧
哈哈哈哈
第二个看完
想看蛋黄派做韭菜粽或者王致和粽
差点忘了派是广东人了哈哈哈
想让我们三连就直说呗
为什么没有方便面粽
《派派の奇妙比喻》
FFFFFF&anim_type=2b106308600019826
你怎么那么水呢
第二个看完！！！
我们中山用那种叶子来包叫这个名 其实跟一般肉粽都一样
《特级咒灵》
闽南肉粽要配沙县的甜辣酱！！
下次一定
弹幕怎么没了？
我也不在乎你的600块（dog）
XCYD
我能坐着吃吗
哈哈哈哈哈哈哈哈哈哈哈哈
筷子:我免费了！
偏~好吃（doge）
《HO HO 的》
/
承包空屏
北方人看着有点。。。
这么能吃！看着我都吃不下了哈哈哈
1.5万人出来吧
强行流泪(doge)
蘸蜂蜜！！！！！
点赞妙不妙
Hello正在看的兄弟们
1.5W人辣
酸奶搭糯米(酸酸甜甜)
拉出来的东西像是蛔虫
他水视频能力一直可以的
多少带点臭
弹幕呢
我家粽子都是我妈妈做的没有馅然后沾白糖，不是很粘，可能我从小吃到大吧，我最喜欢吃我妈做的
点了
作为广东人没有肇庆裹蒸我不是很认可doge
讨厌各种豆的人表示害怕
1.5万人都出来吧
我才是！
还有这种粽子
中山人，经常吃，里面的咸蛋黄贼爱
彳亍，第2328个赞就是我的
这个手法怎么像是在抓shi
没有潮汕双拼差评
烤鸭味粽子
好看！
看蛋黄派还躲着看？弹幕呢
糯米鸡
浙江也有碱水粽，蘸糖吃的
还断了一双筷子
",""font_color"":""#FFFFFF"",""font_stroke_color"":""#FFFF"
一万五的人一半都白嫖，哈哈哈
下次一定！
但你这些粽子都是可以吃的呀（doge
现在长得也像……了
给我看馋了
应该配硝酸吃这个
bb
粽子吃多了不消化啊阿派
我还以为是枣子
《只吃亿口》
她比悲伤更悲伤
没有火腿粽不是很认可
不了不了
次奥
就得蘸白糖
只剩一口
闻起来臭吃起来香
哈哈哈哈哈哈哈哈哈哈哈哈哈
都没意
中山冒头，这个粽子超级安利！
啊吗粽呢？
怎么没有七个蛋黄加一堆肉的那个粽子
广告费：-600
好像笋耶
痛苦面具
1.5W人
其实是坏掉了
我想up试吃阿吗粽
勇闯无人区
甜粽才是王道，反手就把咸粽举报了
下次一定
作为一个闽南人，我家的肉粽，不用蘸酱啊
大？试试裹蒸粽
叉子他不香么
甜粽，打咩
不，我白嫖了，我不爱吃粽子
烧鸭粽更像烧鸭的味道哈哈哈
甜党震怒
小卢的手从左下角闪过去了
原来我是前排！
不吃啊吗粽吗？
FFFFFF&anim_type=2b106308748672658
《更像烧鸭的味道》
我很想让你在乎，所以我白嫖
什么情况
弹幕呢
我以为我没开
单吃就是一股碱味，跟皮蛋一样的那种涩味
1.5w人吱一声【doge
乌乌的哈哈哈哈
隔着屏幕我已经吃到了
"广东咸粽,YYDS"
真早
吃个啊吗粽
咸肉为什么要加红豆！！！
好漂亮！
螺蛳粉粽子咬人事件
栓奶仲子
中山人表示没吃过
1.4+
大力出奇迹
还搭了一双筷子
薛之谦！
不在乎谁？
那帮人快出来吧
梅开二度
"68pܐ00{""id"":20014,""cid"":0,""advanced_blo"
所以鸭肉呢
不，你家包的是绿豆/红豆猪肉粽
我们家会包猪肉，香菇，鹌鹑蛋，笋干，就感觉很好吃。
薛之谦！
啊吗粽呢
l真的好吃
为啥你还是吃完了……不是只吃几口嘛
这不就是长条的那种吗，这玩意好吃
建议试下潮汕饶平的粽子，咸味甜味都有
星冰粽???
《西八粽》
没有蛋黄派粽差评（
不吉利啊……哈哈哈哈
碱水粽要蘸糖吃！！！
我要点两个（叛逆
口——水——掉——下——去——了——————————————————
广西也很多
就要咸粽子就要咸粽子
广东人的爱！！
阿妈粽
甜粽好吃
比较爱吃咸粽
喜欢粘红糖
口——水——掉——下——去——了——————————————————
我南方人，爱咸粽子
我最喜欢白粽子
闽南人报道
这叫粽糕吧
哈哈哈哈
第1.4w个看完
他在狂笑
沾蜂蜜！！！！
站黑糖
阿妈粽出来吧
闽南的甜辣酱吧
好奇怪
刚刚狒狒模仿你了哈哈哈
粽子咸的最好吃
这得吃了三碗大米饭了吧.....
可是有这个300我为啥不直接去吃烤鸭呢（dig）
糯米不好消化的
我以为我没开弹幕
味同嚼辣
是欧尼酱
1.6万
这不就是镜糕拌酸奶吗？
咸粽！
我喜欢碱水粽
我擦
9168
点开还是1.5万人，结束就是1.7万人了
点了！点了2次
这个没见过耶
吃这么多胃不难受嘛
妙啊哈哈哈哈
我
笑场
1.8w人
FFFFFF&anim_type=2b106309057923728
淀粉粽
点了点了
1.7w
不能
浙江也吃
星冰粽？
碱粽肯定要蘸蜂蜜才好吃
那你还吃的那么攒劲
1.8万人看你吃粽子
更上头是吧？
呃～饱了
主要很多螺蛳粉味道的东西都会很刻意的去突出那个臭味，挺无语的
？
又是一坨，又是这个颜色，又是这个味道
闻着像粑粑吃着口感也像
有鱼香茄子，和毛血旺的吗
有没有可能怀疑是粽子的问题呢
1.8w人都不吭一声
一次吃那么多已经开始反酸了
这个粘糖好吃！！
马六甲黑糖！巨好吃！
已经饱了
《用可乐泡过的小龙虾》
浙江部分地区也有
泉州肉粽还是很好吃的
哈哈哈哈
此时一位臭小伙儿又失去了颜色
18：53
看上去好好吃！
蘸醋多好
咸粽党已三连
不能吃太多，会消化不良积食的
你们说有没有一种可能，这个小龙虾的虾线没处理掉，之后
kai'o'zhan
好好看！！
来波抽奖？
1.8w
哈哈哈哈哈哈哈哈哈哈哈哈哈哈哈哈哈哈哈哈哈
这个我们那里好像叫甑糕
《少吃一点》
FFFFFF&anim_type=2b106309216803971
甜粽！！！！！！
自贡有专门的冷吃兔粽子
个人认为烤鸭和烧鸭不一样
闽南也有！
不！咸肉粽怎么能不防酱油
看上去好好吃啊！
《只吃几口》
三十几的广东人出来没吃过……
哈哈哈哈哈哈
文凯不要看了
两包酱混一起
大董家的
有种意大利人看菠萝pizza的感觉
西米粽：你猜我为什么叫西米粽？
烤鸭棕?糯米鸭?狗头
.....水一期视频能赚多少- -
潮汕这边也有红糖的，白糖也有
粘豆粉！！特别好吃！！
《剩下的只吃几口》
干净又卫生
必须咸蛋黄肉粽
",""font_color"":""#FFFFFF"",""font_stroke_color"":""#FFFF"
吃过！！
哈哈哈哈哈哈哈哈哈哈
为什么剩下的不是留给你哥吃
你非要一顿吃吗，分几天吃剪辑一下不就好了?小天才
这不就是咸肉粽？
妙呢？
正在吃自家包的西米粽
？？？
派派吃撑了吧哈哈哈
派派分几天吃吧，这样会消化不良吧
有没有阿妈粽（doge）
着什么黑暗料理
妙啊？
前两年吃了一次现在还在还糕利贷
“我不喜欢但是味道，但是可以吃完”
哈哈哈哈哈哈哈哈哈哈哈
我选择白嫖
碱水粽很好吃呀粘砂糖吃灰
前两年吃了一次现在还在还糕利贷
我还要给你投币
不是说吃不下了吗
此时，甜粽党和咸粽党都沉默了。
1154条弹幕
梅开二度
拜拜！
重点：小
柳州人：“WT？！”
拿勺子好，跟吃蛋糕似的一勺一勺的
我们这里有款是包鸡肉（带骨）和肉丁的 
我们是蘸白糖蜂蜜或者是酱油
两双筷子
这不会是拉出来的吧
真的好吃！
拒绝一切加豆子的粽子，严重影响口感
有阿三哥内味了
喜欢碱水粽！！
我也这么觉得
灰水粽？
我们这边配硫酸
干净又卫生啊 兄弟们
哈哈哈哈
提纯了
以前的都很好吃，现在普遍都会吃到生米粒，难受
shit
我最喜欢吃这种了
想吃辣条粽子
西米拉瑞缩哆发
福建也叫碱粽，一般是沾白砂糖或蜂蜜
咸水粽带shit的？？
防腐剂
这nm叫粽子？
那是...
干了 奥利给
你还是用筷子吧
1.6W！
怎么没有啊吗粽呢？
不是沾蜂蜜吗
这波成派钱易赚了
饭量好大！！！真的大！吃了好几个了！
吃起来臭，咽下去香
对对对吃过吃过
血亏
咸=好吃
总感觉这种奇奇怪怪的粽子就是为了卖给做视频的人
盲猜手折了（bushi）
碱水粽好吃！
1.5w
广西人也没吃过螺蛳粉粽子
《烟熏糯米鸭》
这是粽子？
Yue 
所以是甜的还是咸的
路边现包的粽子都比这些好
嗯嗯可以了，投两个硬币
厦门这也有哈哈哈，我们沾蜂蜜
点了
福建也吃！！
用吃完的螺蛳粉汤
红小豆！
有没有鲱鱼粽子
行了行了，三连了
冲了
",""font_color"":""#FFFFFF"",""font_stroke_color"":""#FFFF"
闽南特色
有没有一种可能，他就是臭了
超级好吃的
阿妈粽才好吃好不好
行吧，一键三连。为了下次买1200的
挖！好好吃啊
1.4万个帅小伙诶
蘸墨水！！！！！
我不仅要赞，还要给你投币doge 
咸粽甜粽都好吃，不挑食
这个在九江是常规粽子
所以每个粽子都煮一次是要费多少燃气啊
甜粽党快来集合！冲他
碱水粽好吃！蘸白糖！！！
哎我们这也是碱水粽
坏了
没有白糖可以用干燥剂代替
是甜辣酱
我妹非常喜欢吃
潮汕的栀粽
斑斓粽呢？
为了让你开心，我多点了一下
zhong汁（
闽南人吃习惯了
我也喜欢咸粽
疗伤烧肉粽
这个长得好看
什么牌子的筷子 避个坑
今天朱狒狒提到过蛋黄派，哈哈哈！
"有没有一种可能,这是刚吃完螺蛳粉的师傅拉的"
好家伙1.3万同时看
凉粽
有没有一种可能，它真的臭了
西米粽很好吃！！！！
额 可是在新疆这就叫酸奶粽子呀
试吃啊吗粽
搓，搓成条，再吃
这个应该好吃
广西也有
有没有阿妈粽
蘸白砂糖好好吃！
像西安甄糕！！！
吃粽子我只吃阿妈粽
不来个帽子戏法
俺就是中山人
我来了~~
哈哈哈哈哈哈哈
中山人路过
1.2w人和我一起看
留给小卢吃
梅开二度，哈哈哈哈
正宗的新疆酸奶粽真的巨好吃！！
宁波人碱水粽沾红糖~
还以为有啊吗粽呢
看着就不想吃的是眼睛上有味腺吗
嘿嘿嘿嘿嘿
糯米鸡
不吃甜粽的拉出去砍了
潮州凤凰栀棕
卫龙有个辣条粽不错
然后你还能吃完整个
看出来蛋黄派喜欢吃甜粽
薛之谦！好耶！
肉粽子！
？多少带点私人恩怨
马上取消点赞（狗头）
再给你投个币
《马莎拉》
哇 我吃饭的时候他发的 
腕力惊人
会不会这个真的臭了
阿妈粽
不好意思，看成《西八粽》了
超好吃这
蘸蜜糖……
咸粽永远的神！！！
给你投俩币
能不能把啊吗粽安排上
看起来不错
简称蛋黄酱？
手指危
“其他的我就吃一口啊”
还以为分几次吃的
没有啊吗粽，差评。
我江西也吃
红豆咸肉棕巨香
1.1w？
中山的芦兜粽！！
FFFFFF&anim_type=2b106310443984338
吃这么多…会不会便秘啊（doge）
我闻着也不臭啊
希望帅小伙不是晚上吃的这么多粽子
花生酱
闽南甜辣酱
外皮是木薯淀粉
有没有冰皮榴莲粽
干净又卫生
印度吃播
《梅   开    二   度》
看向拿好刀的小卢
又水一期
柳州人震惊
没妙~币无
常有高猿长啸，属引凄异，空谷传响，哀转久绝
糯米鸡。
筷子:我又免费了
从小吃到大才知道是中山特产诶，我就说大家吃的粽子都好小啊
一个也不喵吗
西米好像不是米，是拿红薯淀粉做的
1、1万多人出来
中山人在此
我就说很像中山这边的粽子
亚西......米粽
西八哪来的粽子
我给你点两个！
咸党狂喜
用筷子！！！
明显有仇富的情绪
会不会是坏了？
我也喜欢咸粽
《筷子杀手》
黄汤子，梦幻联动!!!
“像”
",""font_color"":""#FFFFFF"",""font_stroke_color"":""#FFFF"
咸蛋黄肉粽
成本极高
闽南棕有链接吗
我吃过魔芋爽粽子，挺好吃的
芜湖烧肉粽巨好吃
这是不浪费粮食好吗？？？
撒西米
雪
不正宗啊阿派
蘸别糖
广东肇庆果蒸粽不配拥有姓名
有没有鲱鱼粽？
《猪脑过载》
裹蒸粽都没有，差评
怎么没有啊吗粽？（doge）
蘸白砂糖！或者蜂蜜！
只吃红枣粽
有没有一种可能是它真的臭了（doge
你买只烧鸭还不用三百，还能买几个咸肉粽搭配烧鸭吃，纯坑人
福建人狂喜
妙呢？
拉出来的时候是香的
一次吃这么多粽子！！！给个硬币消化下
",""font_color"":""#FFFFFF"",""font_stroke_color"":""#FFFF"
还要成都的火锅粽子
还有成都的火锅粽子
云腿粽也好吃呀，大家可以试试
新疆的这个真的不是酸奶粽，这边的酸奶粽子是粽子上放的一种类似于奶酪的东西，然后会浇一点无花果蜜等东西，真的巨好吃
Amazon
本柳州人不能 理解
湖南也有，我家那边主要就是这种粽子
有没有可能，是拉出来的
肉粽天下第一，拔刀吧！
梅开二度
不撑吗
"16pކ00{""id"":20014,""cid"":0,""advanced_"
不对劲
别哭了，我给你点赞了
哇！派派真NB！就是想问一下真的能消化那么多吗？
超好吃
<小卢快乐粽>
给你点两次
大董的烤鸭粽255一盒
肇庆裹蒸粽
谢谢避坑了（doge）
FFFFFF&anim_type=2b106311143696579
干了 奥利给
好啦好啦点赞啦
这不炫一个裹蒸棕
你可真能炫
吃一口
有点yue
中山人报到
《N  a  O  H  粽》
超好吃！！
建议自己裹一次，豪华版
硫酸是强酸，应该配硼酸(
薛之谦！！
听到薛之谦我立马三连了
哈哈哈
好恐怖
吃西米
这不就是……
想吃螺蛳粉了
别哭，已投三币（狗头）
有点像果冻
pdd买的筷子吧
噢噢这个粽子好好看
这个感觉很好吃点样子
那你还是在乎吧- -
我们这当地的酸奶粽真的超好吃！不多说馋的我点外卖去了
对！沾白糖好吃
这个我们家会做，但是做的圆柱大小，很大的
我又没吃（doge
强烈推荐  蘸味极鲜酱油
为什么不用勺子
我们家粘的蜂蜜！你可以试试看！
？
咸宝宝   危
辣条粽呢
咸宝宝   危
太好了，现在你有一双筷子了
北方人只吃过甜粽（哭）
我喜欢啊吗棕
蛋黄派吃了这么多粽子...会不会拉出来的叫杂粮粽？（bushi）
蜂蜜
蘸糖或者蜂蜜
1.1万个潮巴和一个帅哥
up正在添加防腐剂
投币了投币了
身为中山人，我表示吃过但不知道名字
裹蒸粽呢
这个好吃！！
为了让你记住它们，这赞我就不点了（doge）
up正在添加防腐剂
我一个柳州人表示很震惊
从小吃的都是咸甜双拼
干净又卫生啊兄弟们
粽子可是糯米的啊，吃这么多不顶嘛
咸粽不就是糯米包了一坨shit吗？
中山布衣
哈哈哈哈哈哈哈
沾蜂蜜也好吃
好好吃的
节目效果拉满
筷子：卧槽！我没了！
闽南人推荐吃，特好吃
三星粽300，占一半
有没有阿玛粽
让表弟吃
肇庆裹蒸粽好好吃的！
非要买拼接的筷子？？？这质量！
\
你好能吃
南方有！超爱碱水粽，不喜欢外面棕色的粽子
潮汕基粽呢？
FFFFFF&anim_type=2b106311895510494
好
无敌破坏王（doge）
不行 本广东人只吃香菇肉粽 哈哈哈哈哈哈
筷子断一双了，不用了哈哈哈
米其林三星轮胎好吃得很
碱水粽蘸糖吃
我也喜欢甜粽子
搞亿口
灰水粽
都在白嫖是吧阿
然后隔天贤宝宝收到了烤鸭粽
哈哈哈哈哈哈哈哈哈哈哈哈
潮汕特色
今天衣服好看
要沾红糖
墨米粽试一下
中山人在此！！里面的咸蛋黄超好吃！
臭不是一种隙味吗？
《西方大米》（doge）
C米
怎么没有啊吗粽（bushi）
我表示我最爱烧肉粽
这筷子质量有点差呀
哈哈哈哈哈哈哈哈哈哈
我们叫灰粽哈哈哈哈，蘸白糖贼好吃！​
1.1万
吃这么多粽子容易消化不良
我想吃阿妈粽
你这一天难消化
好看
你好可怕，居然都吃了，我吃两个就吃不下了。无论什么口味。
直接嚼吃着吃着就上瘾了
疗伤烧肉粽
南宁
所以他里边不是放的不是小龙虾，是香辣鱼
会不会吃完手变成炭治郎
小西八
三十万观看凑不齐一万币
跳跳鱼
哈哈哈哈哈哈哈哈哈哈哈哈哈哈
综艺效果拉满
广西人表示也经常吃
没有肇庆果蒸粽，差评
泉州人狂喜
我们叫凉粽 沾蜂蜜吃
1万加正在观看动物世界
懂了，你不在乎赞，不点了
好，立马白嫖
甜粽党集合了
哈哈哈梅开三度
《梅 开 二 度》
泉州人大喜
强买强卖
推荐三姐粽
我懂了是酸甜酱汁！
甑糕
甜的呢？？？？？？？！！！！！！！！！！！！！！
只吃甜粽的北方人默默退出
一个礼盒就300
我也
FFFFFF&anim_type=2b106312430593775
甜粽党难以置信
特级咒灵
好吃
漳州人狂喜
糯米饭配酸奶粉味道
咸肉粽真的好吃
雪（联想）
看起来就很有食欲
超好吃这个 ，每年都吃
点个赞赚回6000多[doge
普通的糯米粽子也是蘸白糖啊
蘸糖吃
下次建议买不锈钢的，虽然很滑但是不会断
我直接三连（有薛之谦的歌）
看着就怪。。
有没有一种可能是真的臭了哈哈哈
吃出了韩式粽子的感觉
甜粽上分！！！
阿妈粽好吃
太正宗了dog
没有螺蛳的螺蛳粉棕
甜党给你多点了一次赞
没有螺蛳粉的螺蛳粉棕
只吃几口
馋了
前面那个啊妈粽，你跑错片场了
8000+
（ 配 置 ）
新疆人告诉你没见过这东西
蹲厕所看你评测粽子。。。。
正在吃
这不就是甜品的最高等级？！！
裹蒸粽！！！！
裹蒸粽！
糯米粽
这是没消化完的？
7000个弟弟
然后手断了
漳州人狂喜
有没有一种可能它。。。
等下手断了（doge）
这种拼接筷子超级不好用
碱水粽：指ph值＞7（doge）
还有什么水晶粽
盗墓笔记冰棺粽
不能不能
有没有阿妈粽
一顿吃这么多，真的不会撑到吗
真的接受不了碱水粽。。。沾了白糖也不好吃。。。
哈哈哈哈
《浅吃一口》
裹蒸粽等等我！
星冰粽
就不！
白嫖
我也是！
沾黄糖巨好吃
甜辣好吃
FFFFFF&anim_type=2b106313278520999
梅开二度
为什么没有甜粽
咸粽党点赞了
大家吃过粽子里放鸡爪吗
就跟你说了，不要在PDD买生活用品
为   什   么   没   有   甜   粽
gi棕
上海人表示嘉兴大肉粽好吃
那感觉还挺好吃
漳州人狂喜
中山市路过
《就吃一口》
今天刚吃了芦兜粽
蘸防腐剂？
中山的芦蔸粽！！真的好吃！！
潮汕双拼棕 不值得拥有姓名吗
无所尉推荐的广西碱水粽
好水！
《星冰粽》
吃甜的你直接白糖拌饭不好吗？
不对劲
大冤种↓
灵山大粽表示，就这
这个好吃哦  要上红糖
小“芦”兜里的粽子耶！
露兜吧？露兜叶包的
螺蛳粉明明很香
没有潮汕双拼粽吗？
这玩意冷却后吃也不错
正片开始！
咸粽子天下无敌
吃个粽子，花里胡哨
没粽叶包的也能叫粽子？
暂停！那个透明液体是口水吗？
哇靠
哈哈哈哈哈哈哈
吃螺蛳粉和不吃螺蛳粉的人都震惊了
啊马粽
沾白糖吃好好吃的!
FFFFFF&anim_type=2b106314046734615
啊吗粽(
一口氣吃這麼多的粽子 胃不難受嗎? 如果是分好幾天拍得當我沒說過
一般人不建议吃这边多粽子，对胃不好
身为中山人我一直以为只有碱水粽和这种
六脉神剑
不能一起煮吗
我不爱吃粽子所以说，懂得都懂白嫖
FFFFFF&anim_type=2b106314125270440
這種粽子 在台灣是 沾 黑糖漿...
我福建的也包碱水粽
我是甜党
哈哈哈哈哈哈哈哈哈哈
没事就算你在乎他我也没关系的
太火尧了
不要伤心啊 派派 我两个都给你点了
没有叶子包叫粽子？硬蹭是吧
咸水棕
碱水粽超级难吃
FFFFFF&anim_type=2b106314281681073
我的妈呀！！！？！？！
下次我一定给你点两个赞
除了啊马粽，什么口味的粽子都有
表里如一
会不会i过期了
这真的好吃吗
潮汕咸甜双拼粽呢！！？？
有没有一种可能是甜辣酱酸了doge
《特级咒灵》
印度版蛋黄派（doge
原来粽子是有馅的啊
同款筷子
阿吗粽
蘸蜜吃!!
泉州人表示超好吃
我想给你点两个赞，是不是点两下就可以了？
不想吃就直说，欺负筷子干嘛
梅开二度
有没得嘉兴肉粽
其实这种粽子很难吃
肇庆裹蒸什么时候出现？
干净又卫生
太惨了，我给你点两下赞吧
中山人蒲头
酸奶粽
西巴粽，牛啊牛啊
贤宝宝的钱真好赚
派派我给你点了两个不用谢的多一个给小卢
双拼！
鸭小伙
干净又卫生啊
咸肉粽天下第一！！
啊这 中山人没吃过 哈哈哈哈哈哈哈
福建也有
看饱了，嗝~
？？？？？？？？？？？
闽南的肉粽真的很好吃
震惊
没甜粽？取关了
中山住了十九年没见过这个。。。没听过。震撼到我了。
怎么能不在乎呢，600呢！你还是在乎吧
甜粽党决定不给三连了！
有没有可能就是坏了？
+++++++++++..
甜粽党想把赞收回了
没有裹蒸粽我不点赞
《粑粑粽》
有点yue
私以为广式烧鸭其实就是内地的烤鸭。
？
我们这有，我外婆会做，但我们是直接吃
当然是咸的啊
没有蜜饯粽子差评
《梅开二度》
这个福建也有，叫碱粽
知道了给你点个赞
建议尝一下广西大粽子
锡米
fire!fire!不要让战斗停下来!
米有什么不消化的？
被你手抓看着就不好吃
中山沙溪表示从小就是吃这个芦兜粽
潮汕双拼粽可以尝试一下 非常好吃 有甜有咸拼在一起的
撸痘肿
闽南烧肉粽敲好吃的！！！
中山沙溪
《用可乐泡过的小龙虾》
《小   龙   鱼》
肇庆裹蒸粽也很好吃！
榴莲冰粽
某种蘑菇
《只吃几口》
好我这就取消
中山人打卡
大肠粽子了解下
这东西要配白糖
RNG
肉太少了
不太吃粽子 哈哈哈
哈哈哈哈哈哈
蘸红糖浆
蛋黄派的片尾是真的好
我也喜欢粘着白糖吃（我也是广东的）
隔壁广西的表示··还是肉粽好吃不是很喜欢吃这种
不好意思了，手比脑子快，你听见你哭就取消了，哎……
新疆人表示真的有粽叶包的酸奶夹心粽子
也有叫喷射粽
螺蛳粉粽都有太奇葩了
原来这种大长条粽是中山特产啊 还以为到处都能吃到
《  吃  几  口  》
果蒸粽
猝不及防
大董
灰水粽！！！11
哈哈哈哈
有没有一种可能，这是吃剩的螺蛳粉汤做的
塔塔开
不撑吗
看阿派这么帅，我点了3次赞
浙江宁波也吃 蘸白糖
肉粽天下第一！
沾包装里的干燥剂吃
"28pΌ00{""id"":20014,""cid"":0,""advanced_block"":"
好的，没问题！点一下是不是不太够？我就再点一下好了！（doge）
饭加酸就受不了了
我记得广西有一个大粽不知道叫什么名字挺好吃的
传下去，蛋黄派开始吃翔了
中山在这冒个头，不全是这么包的，好喜欢吃这个
人不能至少不应该这么倒霉吧
中山人打卡
应该配硫酸吃
你这筷子质量也太差了
阿派绝对是老薛歌迷哈哈哈
必须沾白糖！！
梅开二度哈哈哈
记录生活的蛋黄粽（大雾
不好吃zang
特级咒灵
特级咒灵
这个巨无敌超级好吃！！！
这不得有个肇庆裹蒸粽
坏了，美国要来抢这个粽子了
中山人来力
kyyl?
里面有裹一根棍子的有人吃过没!!!
哈哈哈哈哈
奇怪的粽子种类增加了
梅开二度
你不包粽子拍个视频，太说不过去了
西米粽最好吃！！！！！！
全世界的粽子都没有西米粽好吃！
不能让你不在乎，要培养你的金钱观念。
闽南肉粽加闽南的花生酱和甜辣酱超好吃！
我卡了？
广东人狂喜
所以他吃完了
要沾白糖吃才有味道
这叫糯米饭
下次一定
柳州人沉默了
中山的！！！！
就我一个人黑屏了嘛？
？？？？
好像和福州的差不多诶
我就是甜粽党
hhh我觉得还阔以
云南的火腿粽
甜粽哒咩
凉棕
宝，要不咱用勺吃吧
没吃过的，我建议去世一下（
这个烧肉粽颜色看起来不够深
？
哈哈哈哈哈哈
最后一个不是啊吗粽我不是很认可
红糖！
怎么没有肇庆的粽子呀
哈哈哈哈哈哈哈哈哈
没有粽叶叫什么粽子
广东云浮就吃这种
甜粽G都不吃!
9000了
我们家也是！
吃太多粽子会肚子疼消化不良甚至拉稀
某巴克一个30
妙啊
最喜欢大枣粽子
没洗过
FFFFFF&anim_type=2b106317028196878
然后鸭呢
大事又不妙
尝一下广西横县的大粽，一根几十斤
终于有一个我看着还行的了
我们沾蜂蜜
特级咒灵
",""font_color"":""#FFFFFF"",""font_stroke_color"":""#FFFF"
裹蒸粽呐
手指断了怎么办
好看
哈哈哈哈哈哈
湖南也有
灰水粽
只吃几口。
肯定是臭味
大董？
同款筷子，今晚刚断
坏了
广西也吃
嗨嗨嗨
觉得这个大的应该是没吃过肇庆裹蒸粽
花那么多钱还不如买一只烤鸭
关于柳州的和不是柳州的都沉默了那件事
疗伤烧肉粽
哈哈哈哈哈哈哈哈哈
下次一定
蘸红糖啊！
怎么没有嘉兴粽
来个《阿吗粽》
这要加糖吃！！！！！
没个正常的粽子吗？
遂昌粽
好吃
广西也很多
寄生虫？
闽南人证实一下，我们没蘸那种酱料
9000人出来吧
中山沙溪特产！！！！！
有没有粽子味的粽子
大冤种
黑色龙虾肉就不是龙虾了么胶泥
靠妖 粽哈哈哈哈
 ⌓‿⌓
梅花三弄
好耶
奇怪的粽子
lssrz
前面那个上海的，我嘉兴人表示嘉兴大肉粽不好吃
有没有有炸鸡棕呀
这个才好吃，正宗
？好怪
纯糯米粽沾白糖或者红糖水真的好吃
我只想吃简单的糯米棕
用可乐泡过龙虾煮过的粽子
不好吃
中山人冒泡
离大谱
一次性吃这么多粽子会不会不消化啊？
一句话：不好吃
哈？？
送命题：女盆友吃到了吗？（doge）
甜粽好少啊
我妈每年都包。。。沾白砂糖吃
这个好吃！！！
逼兜粽
大董的董粽？去年去吃送过给我们每人一个礼盒
既然是咸党那就赞了
9000+
有没有可能是坏掉了
咸粽yyds！
哈哈哈哈哈
肯德基测评
我新疆的都没听说过这个
就是没有粉
我明天也去吃个粽子
？？？
空瓶，空瓶
碱水粽切条，撒点盐炸了也很好吃
有没有一种可能是它坏了呢
有没有可能，它坏了呢？
我想取消了
宜家的筷子，质量爆差
白粽子是天
居然没有潮汕双拼粽
碱水的好吃
红豆粽粘糖也好吃
不错不错
中山的粉丝路过
这是芦蔸粽
粽子只吃咸大肉的
居然吃得下吃这么多粽子
潮汕鸳鸯粽子 咸甜都有
你还挺能吃
点赞可以，投币就算了（doge）
山东胶东区域的桲椤叶粽，槲叶粽香味奇特
西八棕
好家伙，炸出来这么多中山人
电科大中山上学四年没见过
大冤种
哈哈哈哈哈哈
你怎么比蜡笔小新还短
断筷狂魔
甜粽子才好吃
做为中山人，我告诉你这个粽子还可以更大，我家包的基本是女生手臂长，但比女孩子肱二头肌粗的大小
蘸盐巴
有烧鸡粽吗
开战吧，我爱甜粽子
福建也有
特级咒灵
中山人集合！！
6
还有镜糕
带屑的
大董
湛江的哈喽粽好吃
giao级
你干嘛哈哈哎哟
地铁老人手机
在温州我们叫灰汤粽！实心蘸白砂糖太香了！
粽子不能一次性吃太多
是甜辣酱
他说话好像老张哦
梅开二度
九千多人，阿派排面
中山人狂喜！
芋头剁椒肉粽
好耶！闽南人狂喜！
要是有《疗伤烧肉粽》就好了
星冰粽呢？
看饱了
海南定安黑猪肉粽子
梅开二度
纸虾喂鱼
下次一定
9k看帅小伙吃粽子
薛之谦BGM梅开二度
中山人欣慰
中山小榄的表示没吃过。。
从小吃
碱水粽要蘸白糖
小时候喜欢甜粽，长大了喜欢咸肉粽
有点像某年某巴克出的水晶粽
giao级
等一个裹蒸粽
轮胎评中餐就算了吧
怎么没有啊吗粽？（doge）
哈哈哈
不喜欢碱水
哈哈哈哈哈哈
我家的碱水粽放猪肉唉
这个超级好吃
潮汕双拼y y d s
前面的好单纯啊，不知道剪辑吗？
中山的芦蔸粽！！真的好吃！！
中山人打卡
南方人和北方人都沉默了
作为中山人我好像没有吃过
我喜欢直接吃，真的很好吃
阿妈粽
墉子既视感
我接受不了，虽然我很喜欢螺蛳粉哈哈哈
那为啥要叫咸水粽
星巴克冰粽？
为什么广东人不追求粽有粽味
才发现up主推荐广告
不对劲
筷子，红配绿... 哈哈
我喜欢，超喜欢
？？？？？？
米其林黑心
看见一个小伙在那测评酸奶粽子咬一口你会测评吗 就搁那儿测评 
蘸白糖好吃！！
感觉派老师现在好乖哦
下期咸鸭蛋
万物皆可沾白糖
是花生酱！！
为什么没有阿妈粽？
闽南人狂喜！！！！！
一天吃太多糯米会不会不消化哦
很好吃这个
一口
《一口》
不对劲
派钱易赚
下次一定
下一个是阿妈粽
你买房多少钱来着？
那就是酸甜棕
哈哈哈哈哈哈哈哈
还是喜欢甜枣粽子
总结：白糖好吃
哈哈哈哈哈
谦友狂喜
怎么能吃得下这么多
",""font_color"":""#FFFFFF"",""font_stroke_color"":""#FFFF"
总结:白糖好吃
吃完第二只我已经肠胃炎了，都第八只了，帅小伙的胃是铁打的吧
三
混一起，这酱是一起的，失去灵魂了
谦友狂喜
怎么有点像印度人吃饭
甜粽子蘸糖吃yyds
眉头紧锁
"<,,,"
全部都是黑暗料理吧
这玩意真的好吃
筷子：帅小伙我裂开了
我们叫凉粽
《烤鸭》棕
蛋黄派粽
妙…
这不就是糯米鸡？
撑不撑啊
弱弱问 那这个不是就成饭了吗
不容易
薇娅卖的筷子
还会有点苦味
这不就是米饭吗~
闽南烧肉粽YYDS
啊吗粽
同款盘子哇
中山人表示没吃过这个粽 正宗的中山粽不是这样的
咸粽yyds
就这还米其林
这个都算小的了
特级咒灵
喜欢大的话建议灵山大粽
我活了十九年才知道原来肉粽起源于泉州
有没有啊吗棕
哈哈哈哈哈哈哈
甑糕……
有没有可能它就是chou了
不行！甜粽才是最好吃的！（叉腰）
TMD为什么没妙
蘸黄糖和蜂蜜
梅开二度
就不点赞！我投币！
？？？爱吃螺蛳粉和爱吃粽子的都沉默了
创意 炸臭豆腐粽
创意 榴莲水果粽
吃粽子不蘸蜂蜜就等于没有吃。
超喜欢这个的
粽子就应该浇上蜂蜜吃。
不蘸蜂蜜的粽子都不是粽子。
沾蜂蜜！
特级咒灵！
粽子里有豆子个人觉得很难吃。
你为啥不能等饿了再吃呢
中山人+1！！！
 有没有一种可能，我只是说可能，他本来就臭了
你不就说吃几口的吗，怎么都快吃完了，后面会很撑的
《手指骨折》
中山人打卡
蘸蜂蜜
为啥没有潮汕的粽子
现在这块空瓶是我的啦
中山沙溪本地狂喜
珠海人也是这个粽子好吧
伏牛山附近有一种特殊的粽子，叫斛坠。外面用的是一种特殊的树叶，属于甜粽
你现在这一段是小翔哥上身吗
我们那也有
已币
干燥剂↓（狗头）
肇庆吧
《卢广粽》
种子还有甜的吗？？？
特级咒灵
我们公司发的这个
沾蜂蜜也好吃
口感就做到和吃奥利给一样了，值！（
泡面料
哈哈哈
有没有可能，它就是烧鸭粽
对了对了 就是闽南甜辣酱
下次一定
中山住民看着看着就愣住了
我们广西那里叫灰水粽
倒入干燥剂（doge）
我们那里粘红糖
云南包火腿肉
星巴克粽
FFFFFF&anim_type=2b106321190789441
咸粽胜利！
节目效果拉满
筷子终结者
咸粽子永远的神
甜粽和咸粽我都爱吃
福建人表示超级好吃！！
什么玩意 粽非粽吗 考特级厨师吗
为了让你开心，我点了三下，不用谢我哦
我点了，600赞
最爱
为什么不用叉子呢
酸奶牛（bushi
粑粑粽
花生酱！
还有两双筷子
疗伤烧肉粽
还是最爱白米粽！蘸白糖！
这个我从小吃到大真的很好吃哈哈哈哈
我也是
为什么我看成了干燥剂
我都是蘸糖浆吃
这不大董的那个？
沾白糖
这是真心推荐没吃过的同学试试，非常好吃
沾白糖或者蜂蜜贼好吃
蘸白糖超好吃！！！
睾寄
画风突变
黑 龙 闹 心
这个要沾蜂蜜或白糖
哈哈哈哈哈哈哈哈哈哈哈哈
肉粽真吃不了吧
看得我皱起了眉头
咸甜粽我都爱！
闽南语？？
疗伤烧肉粽！！
只喜欢咸粽
投币你都赚回本了
没有啊吗粽我不是很认可
酸奶糯米饭
咦惹
《只吃几口》
我就爱吃这个！
不对劲，快跑
盖亚
唯咸粽子爱好者皱起了眉头:D
很好吃，真的很好吃！新疆人强烈推荐
来个裹蒸粽，头那么大
感觉阿派好辛苦，这看着就好难吃，这个投个币吧
甜粽呢！！！
甜粽才是坠吊的！！！
红豆粽好吃
甜枣粽子无敌好吧
不吃太多…
哈哈哈“欧欧的”这熟悉的味道
衢州粽好吃
肇庆裹蒸粽！
中山人打卡！
",""font_color"":""#FFFFFF"",""font_stroke_color"":""#FFFF"
复合？复合函数求导？导！
哈哈哈哈哈哈哈哈哈哈哈哈哈哈哈哈
闽南人报道
手套还有螺狮粉味不
不好
《几口》
怎么可以没有咸蛋黄粽子
一下怎么能够
有没有阿妈粽
分手筷乐（bu shi）
微凉但是还算早的视频
看起来好好吃啊
他一顿吃了9个
冤粽
哈哈，特级咒灵
我在湖北，我们家也吃这个哎
你猜它为啥叫西米粽
啊吗粽
烧鸭（要素ca）
榴芒一刻的榴莲粽
沾老干妈吃
一边说不喜欢一边全部吃饭的屑蛋黄派
梅开二度
咸粽才最好吃！
啊        吗           粽
没活整可以咬打火机
说欧尼酱的，哈哈哈嗝
温州猫咪（一种米的方言音译）粽，求求你吃吃看！真的超绝！但只能来温州吃，嘿嘿嘿
吃起来也臭
很喜欢西米粽的颜值
阿三吃法
我我我我我我我，江西的，就吃这个，外婆包的好好吃
偷工减料的厂商
吱一声
什么神奇味道
问起来也不臭啊
碱水粽不沾白糖直接吃好吃
再捏就不是粽子了
我在广东生活了十几年我都没吃过
花生酱和蒜蓉辣酱
好好好 会点赞的 绝对不多干一点
我们蘸红糖
臭小伙
竹筒粽
我不点赞，我要投币
特级咒灵
屈原:你们过节给我投奥利给干嘛!
血糯米
？？？？？？本柳州人沉默了
和我们食堂的一样
把你的手给我，请你不要想太多～
怎么一个比一个奇葩，厂家是老外吗？
新疆叫这个镜糕
你怎么这么能吃，每一个都吃完
啊吗粽（doge）
印度料理
《梅开二度》
你得赞没有了，我喜欢甜粽
疗伤烧肉粽
特级咒灵
星巴克粽
不知道各位知道甄糕么？
米其林三星吹的那么高级就是还可以
蘸点玛莎拉
手指过会就无了（bushi）
碱水粽要粘东西
不是要都拌一起吃吗？
哈哈哈哈哈螺蛳粉感觉受到了侮辱
应该是花生酱和甜辣酱
和白砂糖绝配啊
蘸白糖真的好吃！！
闽南人也这样吃
点赞可以，不要也行
咸水粽永远的神！！！
我喜欢蘸酱油
每次不喜欢也都一整个吃掉了
好吃！！！！！
笑的多开心
怎么没有咸甜粽
刘墉的感觉
潮汕咸甜粽呢
薛之谦客串拉满
有没有一种可能它是真的坏了
汕头的甜咸双拼粽
《吃一口》》
潮汕人不是蘸乌糖吗
粽子還得是嘉興五芳齋
蘸蜂蜜好吃
酸甜辣酱!
一下吃这么多糯米，这期排完不得在厕所过夜？
酸甜辣酱doge
疗伤烧肉粽
“真高级”
哈哈哈哈哈
可以的
只吃咸粽子！
好的点了，但感觉点一下不是很能表达我的敬意，所以我点了两下
其实想尝尝看啊嘛粽
别人：我没点~老鲤：我点两次~
我爱肉粽
要素察觉
来吃云南的菌粽子
好了好了知道了，三连了
闽南人狂喜
烧肉粽超好吃
我怕你消化不良呀
这种粽子不就是凉粽吗
闽南烧肉粽！真的敲好次
酸奶糯米饭??
四舍五入吃了快九碗饭了
我唐家也是这个
阿玛粽
还是正常的甜咸粽好吃
在厕所刷到，还咽口水了怎么办
giao级
为什么没有裹蒸粽！！！
公司今年发的就是这个，贼打一个，一个顶两
giao级
不是只吃几口吗差点把螺狮粉粽吃完了
阿吗棕（
咸粽党表示吃不惯这个
中山人打卡
大董
破轮胎
呵呵，赚那么多钱这点钱就哭
《真·饱了》
坐标广西！碱水粽必吃！
潮汕甜咸都吃，甚至有一头咸一头甜的粽子卖
哈哈哈哈哈梅开二度
感觉上就是比较浓的酸奶+各种奶茶料呀……
最喜欢碱水粽子
刚刚卡了，你说什么，不在乎赞了？好的，满足你
这么卷端午还没到呢
蘸白糖！！！！
蘸蜂蜜！！
我们这叫凉粽也
肉粽天下第一
特级咒灵
我们家喜欢红糖浆
甜粽子好难吃
没吃过咸粽
半个中山人路过
徐记海鲜的
不会是大董吧
啊♂？
我好喜欢粽子！
吼温州人
小时候最喜欢碱水粽了
甜粽子！！！！
蘸红糖浆！！
无语了 人家就不能有口味偏好了是吗 口味和你不一样就震怒
无情铁手（2/1）
么有双拼粽我是不服的！
满满的求生欲
咸粽！
没有阿妈粽吗
我都蘸蜂蜜
FFFFFF&anim_type=2b106324710276901
西米粽好吃的！！！
沾蜜糖！！！
蘸蜂蜜！
不对劲
撒上干燥剂
花生酱和甜辣酱吧！
疗伤烧肉粽
甜棕党就不点赞了~
我们闽南也吃这个！
疗伤烧肉粽
要不你在乎一下吧哈哈哈哈哈
给你投二臂
中山人报道
福建肉粽就是要配甜辣酱！
咸的！
小卢裤兜里的粽子
江西也有啊
HAOCHI!!!
屈原：你们这些现代人岂可修！！！
这是粽子？
问题是 买过来吃总得花钱是吧
海胆粽YYDS
弘扬
好吃！！！
甜粽好吃啊
蛋黄派的钱真好赚
《giao》级
扒拉得好像检查人体器官 /挨打
哇 这个好特别啊 我也想买了哈哈哈
哇塞
香菇劝退
没有啊嘛粽不是很认可
你是怎么吃的下的吖
有没有可能就是翔
？
我筷子断了！！我不用了！！！
有没有臭豆腐粽
今晚刚吃 嘻嘻
碳水配碳水，那叫一个地道
干净又卫生
蛋黄派：吃饱了，后面的测评只吃一点
什么咸甜，我全都要潮汕双拼粽子
？？？？？打咩
我们碱水粽里面会加豆沙
突然潮汕话哈哈哈
哦莫 香菇达咩
糯米鸭...
600多赶得上你一期视频的十分之一吗？还装亏呢？
筷子：你真清高，你真了不起
吃那么多很撑吧哈哈哈
推荐试试海南的斑斓叶黑猪粽，很好吃！
特级咒灵
烧肉粽永远的神！
你喵一下再说
求生欲
《疗伤烧肉粽》（bushi
别人吃剩的包进去
看过纪录片里面有讲过
螺蛳粉粽超好吃
沾蜂蜜也好吃
我以为还有裹蒸粽
这期含谦量很高哦
哈哈哈哈哈哈哈哈
沙溪人打卡
沙茶酱
吃多了不会便秘么
广东肇庆好像有
咸甜都喜欢蘸酱油哈哈哈
好吃!
说到中山 你币有了
中山人表示没吃过
臭豆腐粽子
那你还是在乎吧
我突然发现，派派粉丝都破700了
不是黄豆哈哈
我痛苦面具
酸笋达咩
什么特级咒灵
这已经闻到臭味了
？中山人震惊并表示没听过
可以直接买波斯坎酸奶粽子，贼好吃
有没有一种可能那就是香辣鱼
干净又卫生
凤凰栀粽！
注意左下角
广西也多
派哥突然驴叫哈哈哈
大事不妙了
你看，他在狂笑
多少带点臭
米西米西
吃的最多的就是这个
江西也吃
我吃过，一般吧
好了好了，点过了
中山人表示木有吃过
吃那么多粽子，小心不好消化吖
中山人在这！！！！！！
南宁粽
碱水粽的角 就像西瓜最中间的那一勺
海南沾红糖吃
无敌破筷王
蘸白糖！！
久违的开箱测评，爷青回
碱水粽不是咸的吗，里面不是包肉的吗
…
特级咒灵
懂了，派派喜甜
谢谢，这样不想吃了
为了与印度友人区分，特别的用了左手
咸粽好好吃
想吃牛瘪粽
中山三角路过
广西也有
我们这是白色的耶
这个好吃
广西也有很多呀！
请一定要尝试用黄糖熬水熬到略浓稠状态，比蘸白糖好吃十倍
梅开二度
白粽沾糖 天下第一！！！！
拍了一天吧，这么多粽子
中山人打卡
西米粽好好吃！
离谱
蘸白糖！！
好能吃啊
栀粽。
温州人自豪挺胸（但是没听说过
怎么那么像日本那个什么豆
FFFFFF&anim_type=2b106327554006611
粽子？ 张起灵狂喜（doge
搞不懂为什么很多东西他们都要做成螺丝粉妹
烧肉粽蘸酱好好吃
不是说只吃几口吗？为什么每个都吃了？
大董的吗
广西仔表示吃的是长条的
坏掉了！
这已经和粽子没关系了吧！就是糯米饭啊！
这可好吃了
新疆人表示真正的酸奶粽不是这样的而且很好吃！！
蘸蜂蜜也很好吃!
？？？？？
本来点了 现在再点一次
投个币买双新筷子
哈哈哈哈哈哈哈哈哈
阿玛粽
谁开的煤气灶？？？
大董？
很标准哈哈哈哈哈哈
西米粽超好吃！！！
砂糖啊
酸奶粽好吃！！！！
中山人的我出镜了
咸粽！！！
是雪吧
最爱蛋黄肉粽
竹筒粽子
不接受碱水粽！
甜的好吃啦咸的怪怪的
你这筷子质量不行啊
已经开始撑了
刘墉
你管这叫粽子
有没有可能是粽子里的肉坏掉了（doge
双厨狂喜！
灵山大粽
优雅
粽子吃甜的，豆腐脑吃咸的，不服来战
？？？
海南话黑黑的也读欧欧的
蘸蜂蜜！！
中山人欣慰
我特别喜欢切片煎的脆脆的蘸酱油！！！
灰水粽
中山狂喜！
这个好吃的
干净又卫生昂兄弟们
可乐粽 小龙虾粽 新疆酸奶粽 阿吗粽
中山人打卡
有没有可能他是真的臭
白糖！！！
吃完不会拉稀嘛？
才3百啊？海南黑猪肉粽都4百多，挺坑的
碱水粽，本人广宁的，超喜欢吃
我一个北方人，最爱吃碱水粽。哈哈哈
干净又卫生喔～
怎么没有潮汕双拼粽！！！
不对劲快跑？
动物园里喂猴子
不就是凉粽吗
不會沒有肉只有味吧(doge
好喜欢西米粽
1000+
感觉很解腻好吃嗳(甜粽党狂喜)
大半夜看饿了
就不！！！！！！
海鲜粽呢！！！！
中山人强推
哈哈哈哈哈哈哈哈
",""font_color"":""#FFFFFF"",""font_stroke_color"":""#FFFF"
这个真的超级好吃我从小吃到大兄弟们可以尝一下
中山小榄打卡
潮汕双拼呢？！！！
有没有啊吗粽
泉州人路过
惠安人路过
试下煎粽
饿了吗要出场了吗
这个是天花板
币给你币给你！
碱水粽蘸白糖无敌
哈哈哈哈哈哈哈哈哈
不吃完，白漂警告
咸粽才是唯一！
咸粽是我永远的神！
咸粽万岁
有没有可能就是香辣鱼
黑珍珠三钻吧
是的！
？
特级咒灵
！！！！
中山人狂喜！！！
糯米吃多了不太好 不容易消化
哈哈哈哈哈
可能糯米吧螺蛳粉的臭味黏住了
本地人都没听过
我家这是这配置
全吃完一个礼拜拉不出一根完整得shi
这个超级好吃！！！！绝了闽南人狂喜
新疆酸奶爱好者亮起眼睛
哈哈哈哈
乐我广东人超级讨厌碱水粽不咸不甜没有味道还有碱水的怪味
我觉得这个系列可以拆两期
喜欢直接吃哈哈哈
白次郎的味道
没有啊妈粽我不是很认可
我都想不通为什么会火
烧鸭?有多烧
你用筷子的手法，都比不上外国人的，丢中国人的脸了！！！！！！！！
咦～
其实不赶着出视频的话可以分几天吃完，没必要一次吃太多难消化
这个芦蔸粽在中山算小的了，还有更大超大的
《梅开二度》
要么直接白粽子蘸糖吃，要么就白粽子蘸火鸡面调料吃
重量级
我们广西叫凉粽，蘸糖或者蜂蜜吃
酸奶粽对于奶制品爱好者来说就是甜食，超好吃，有白粽款的，比这个好接受
自己吃自己doge
广西（灵山大粽）
同款筷子！！！
灰水籺
下次一定
哈哈哈
不吃粽子路过
原来他叫芦兜粽，我从小吃到大(꒪⌓꒪) 
吃过不爱吃
6
香辣小龙虾鱼味粽
FFFFFF&anim_type=2b106348291380439
切糕的兄弟
这个好
碱水粽一定要沾砂糖！
有没有可能是坏了
咸棕漏漏漏
西米粽，里面是红豆
想问，你是一天拍的吗？会不消化吧
筷子断系列
买到真的了吧
看在咸粽子的份上  这硬币给了
我喜欢吃阿妈粽
这个600是白嫖的
我们都是那来炒鸡蛋
只喜欢咸粽
这么多不敢相信三天内拉肚子会不会胃疼
北方人狂喜
柳州螺蛳粉原发地都是不臭的，故意做这么臭的
粽子必须是咸的！！！！！
《不如啊吗粽》
下次一定
因为酸笋臭
印度手抓粽
碱水粽才正中
中山沙溪人+1
哈哈哈哈哈哈哈哈哈
不对劲
吃那么多粽子拉不出来吧
没有火腿粽吗？
特级咒灵
正好断一双，比断一只赚
碱水粽蘸辣椒面 无敌！
嘶
这筷子质量杠杠的（狗头）
来了来了，该来的总会来的
大董？
吃着臭
点了点了
！！！版纳傣族就会包西米，经常吃超好吃！
哈哈哈哈在某一下子 咋感觉和小卢有点像呢
特级咒灵
海南黑猪肉粽 嘎嘎好吃
给你点了两下赞
什么？！竟然没有啊吗粽？！（bushi
哈哈哈哈
废了2双筷子
咦，乍一看以为see u tomorrow呢
蜂蜜蜂蜜！
就是木薯粉粽子，不如碱水
QQ鱼！！！！！
烤鸭粽非常好吃！
啊这
...我喜欢吃螺丝粉，但这个让我有了点生理反应。。。
我家那边吃碱水粽
FFFFFF&anim_type=2b106353716535658
？？？
FFFFFF&anim_type=2b106354363720130
咸粽达咩
不会是坏了吧
up
bilibili
筷子都愤怒了，吃啥玩意！！！
嘉兴粽好吃
这么多粽子不好消化啊，注意身体
我也喜欢吃咸粽
搞个广东的方的豆沙粽
我们家也是！！！
碱水粽人在此
咸粽好吃？给三连了强烈认同
福建也挺多
甜咸双党报道
裹蒸粽不来一个？
他会疗伤嘛
哈哈哈哈哈哈哈哈哈
有没有一种乐檬，它坏了？
好好看
疗伤烧肉粽
榴莲粽。
好吃，蘸白糖或者kaya 
所以会不会是粽子坏了
碱水粽也有红豆馅的
馊了的粽子 简称螺蛳粉粽
肉
Up强行要币
疗伤烧肉粽
← 因为标题是《你没吃过的粽子》
看起来好怪
我好想吃这个螺蛳粉粽子
强推肇庆裹蒸粽
干净又卫生啊～
好是薛之谦
新疆人狂喜
新疆没有这种东西啊喂…！！！
凉棕
正在吃碱水粽
说臭还吃完了的屑up
？？？？？？？？？？？
蘸白糖吃才是正统！
湖南也是
黑暗
中看不中吃
潮汕八珍粽笑而不语【一半咸一半甜】
我还是喜欢坐着吃
薛之谦！！！
你说完 我把赞取消了
鳗鱼粽好吃，还有裹蒸粽啊
我看了这么多，我发现小b站为什么没有给你发粽子？那个朱老师都有粽子了
沾白糖！
碱水粽什么都不蘸最香，很浓的米香味
放冰箱，蘸白糖
刘墉:对对，就是这么吃的
没有阿吗粽？
小时候喜欢吃肉粽，长大后觉得肉粽好油腻，就喜欢吃那种杂粮粽
阿妈粽
推荐肇庆裹蒸粽
甑糕
珠海人表示吃过，好吃！
太亏了
你是不是喜欢薛之谦啊哈哈哈哈哈哈
端午节不吃肉粽还是闽南人？？？？？
蘸糖吃
wtf
碱粽沾糖吃
闽东北 表示这个闽南粽子很好吃
我沾红糖
哈
糯米吃多了会消化不良，
啊吗粽有没有
粽子没肉绝对不吃！！！
闽南人狂喜
我们蘸蜂蜜吃
233
《蛋黄派棕》
《蛋黄派粽》
碱水粽撒点白糖贼好吃
闽南肉粽绝了
不祥之兆再次降临
不是很喜欢烟熏味
干了啊兄弟们
干净又卫生
某种蘑菇
救命，这个有点接受不了
逆天
甑糕
这白糖好像干燥剂啊
今天的赞有了，谁让我喜欢吃粽子呢，蛋黄派已经帮忙试毒了，不好意思白嫖了
蘸蜂蜜！！！冰镇！！
嗝～看得都撑
啊吗粽（？
你还是在乎一下比较好
卧槽？
di'an
有没有一种可能它是真的臭了
这玩意这么贵
有没有可能它真的臭了doge
我小时候也是吃这个还有咸肉粽(广东人)
特级咒灵
我刚吃完红豆馅的
糯米鸡吗
碱水粽放冰箱，再拿出来蘸白糖吃！！！！
b
同一个工厂生产出的
用勺子不会？
哈哈哈
不喜欢还是吃完了？节约粮食！
沾红糖巨巨巨好吃
巨好吃！沾白糖
这
我老家会包那种2斤一个的粽子
双厨欢喜
害怕害怕
爱了爱了！！！
万佛朝宗
蘸蜂蜜好吃  直接吃也好吃
我好像发现了商机......
碱水粽
特级咒灵
《 浅 吃 》
北方人表示吃不了咸粽子
说好吃一口的呢
顺便变成印度风格 咖喱饭
又水
印度吃法
爱吃粽子的和爱吃螺蛳粉的都沉默了
怎么
怎么没有火腿粽
谢谢，我现在饭都不想吃了
点了，取消了
哈哈哈哈哈哈哈哈哈哈哈哈哈
中山人狂喜
哈哈哈哈哈哈哈哈哈哈哈哈哈
好看
你明天也不一定想吃饭
好怕你消化不良帅小伙
沾蜂蜜也好吃
看你喜欢咸粽，投币了！
柳州人的沉默......
粽子关米其林吊事
泉州烧肉粽 
2
中山人狂喜
114514
榴莲的试试
蘸糖油！！！！！！！！！！！
沾蜂蜜！
会不会是去年生产的，所以臭
没有广海大海红香米海鲜粽，差评
卧槽，吓我一跳！
唯甜粽子爱好者表示可以尝试
中山人报到
淡嘴哥路边买过一次
给特级咒灵点赞了
你是这么吃得下的
一会手断了
FFFFFF&anim_type=2b106362972800878
？？？？
特级咒灵
豆沙粽子巨好吃
我喜欢啥也不沾吃碱粽子，一定要凉着吃
超喜欢西门粽
吱
离谱
老是黑白特效我都看腻了
土特产
柳州人民沉默了
海南定安黑猪肉粽
蘸白糖！！！
这东西干净吗？感觉还不如老坛酸菜
广海红米粽
感觉好吃
中山人打卡
他不会坏了吧
广东人表示终于有我吃过的了
粽叶都没有能叫粽？
CBB
有人吗
我吃过辣条陷粽子
没有嘉兴肉粽吗！！！
喜欢甜枣粽+1
咸粽子无敌！
粘白糖特别好吃
同款盘子耶！
有没有阿妈粽啊
哈哈哈哈哈哈哈哈
没有蘸豆粉的吗
？？？
可以尝试一下锋味的粽子
二连击破
真的好吃
下次一定
碱水粽代谢的
我北方的，甜粽咸粽我都很喜欢
永远的神
特级咒灵
疗伤烧肉粽= =
阿妈粽
贤蛋黄上分！
感觉这个会好吃欸
哈哈哈哈哈哈哈哈哈哈哈哈哈哈哈哈哈哈哈
阿吗粽
粽子吃多了不消化…
沾蜂蜜！！！！！
特级咒灵
我真的超爱碱水粽加白糖！
真的会沉默
",""font_color"":""#FFFFFF"",""font_stroke_color"":""#FFFF"
？？？？？？
啥啊 凉粽？沾蜜糖么
‘’‘’‘’‘’‘’‘
??????
希望你不是同一天吃的，我之前一天8个粽子，吃出了肠胃炎 
我选择分开吃
giao级
"起床啦114514,吃㞍鸭啦～"
我老家都是没味的 然后放糖
"48pZ00{""id"":20014,""cid"":0,""advanced_b"
特级咒灵
我们的碱水粽里面有馅的，很丰富，咸的，不蘸糖，巨好吃！
！！！！
这个烧肉粽还得自家做的才比较大，这个还是好小一个
有没有可能它是真的坏了
为了让你开心，我让我儿子多点了一下
梅开二度！！！
加蜂蜜也好吃
沾沙茶酱！！血妈好吃！！！！
FFFFFF&anim_type=2b106366234159126
米其林一个舶来物它能动粽子？找米其林不如找老字号
高级
给了给了快闭嘴
吃碱水粽第一口是最好吃的，因为我每次都吃不完会觉得腻
伪劣产品
FFFFFF&anim_type=2b106366502899916
小
真能吃
梅开二度
粽子不都是碱水的吗
粽子：我是云南的
推荐牛肝菌粽子
我才发现盘子和我同款
咸的蘸白糖不还是甜粽吗
疗伤烧肉粽
这算糕吧
有没有毛血旺粽
这是甜品
中山石岐人打卡！
碱水不好吃
没有灵魂啊这期
栀粽！！
这个感觉很不错！
蘸蜂蜜  极品
我喜欢甜粽子
传统手艺人的功力！！！
梅开二度
啊想吃糯米鸡了
干了，兄弟们
啊吗粽呢？
真的像没消化的奥里给
特级咒灵
看了三遍 还真是口水哈哈哈
同款筷子，我已经折断了3双了，然后就换铁筷子了
吃这么多糯米真的不会窜吗
哈哈哈
吃过一次甜的
中山！
中山人路过
喜欢吃螺蛳粉和不喜欢吃螺蛳粉的都沉默了
领域展开
蘸白糖！！！！广东人狂喜
辛苦你了哈哈哈哈哈
是否闻到指缝的螺蛳粉味道啦？
怎么感觉说的和粑粑一样了呢
《阿妈粽》
这粽子利润是真高！
有没有一种可能，是这肉臭了.......
凉粽
还有红糖
手给折断[doge]
烧肉粽绝绝子！！
筷子断了  成本翻倍
直接吃白糖不行吗
蘸白糖蘸蜂蜜！一绝！
玫瑰酱很绝的
用jio知道沙茶酱
奶豆腐（无端联想）
沉默了
？？？？？
这个盘子好可爱
不妙啊
咸粽子！
！！甜粽爱好者不投币了
咸粽子打咩
真正的新疆酸奶粽很好吃是白粽子加酸奶然后淋上果酱不是这样的
闽南人报到！
蘸蜂蜜！！！！！
？？？？？？
李傅清狂喜粽
是糯米做的就叫粽子吗
哈哈哈哈哈天生神力
你 不会分着测评吗
所以烤鸭粽子里没烤鸭
蘸蜂蜜！！
正在煮粽子看这期
寄生虫
同款碗耶
有没有可能是真的臭了
我就吃一小口
我是广西也喜欢沾白糖
碱水粽蘸白糖才是王道！
等会儿手没了
花生酱啦！！！！
吃一口，结果吃完了
好吃吗
中秋是不是要吃螺蛳粉月饼？
超好吃
甜粽子好吃
推荐儋州粽
注入灵魂
福建也是
我喜欢空口吃 什么都不蘸 福建的
FFFFFF&anim_type=2b106377026992512
懂了，下次就蘸干燥剂吃
我要啊吗棕
这里面真的有鸭子么
……
我妈做的跟这个差不多诶
我已经闻到味了
这个巨浩加
只吃甜粽，最爱蜜枣粽
不想玩了~
沾白糖！！绝了
"72p00{""id"":20014,""cid"":0,""advanced_b"
不对劲了
不好意思，从小吃芦兜粽
本广东人上周在饭堂买了两个碱水粽，只能说很不适应它的味道，还是肉粽好吃
广西的我沾的是蜂蜜，真的好吃 ୧⍢⃝୨
西 巴 棕
西巴棕
饿了
西米露
有点像那个
黑珍珠三钻！！！
特级咒灵
！！！
超级无敌好吃！
甜辣酱馊了
白味粽蘸糖我能旋好几个，其它味道的吃一个就顶天了
好吃
蘸蜂蜜
提前祝帅小伙端午快乐
甜粽
特级咒灵
混合一起的
哇靠，好像前天吃的金针菇隔天出来了
清水鱼
大雪封山
吃不习惯咸的，喜欢吃甜的
闽南肉粽超级好吃
泉州人家里也会做这个
广西人也吃这个啊啊！！
双厨狂怒
有没有可能坏了
你不喜欢哈哈哈
不会是广告吧
双厨狂喜！
FFFFFF&anim_type=2b106379689826110
好事成双，我点了两下
甜粽达咩
不就凉粽吗
969
泪目
投币了
眉头一皱……这粽……
强烈推荐老妈宫粽球
哈哈哈哈哈
你手套是没有换过对吗
你手套是没有换过对吗
你手套是没有换过对吗
我现在的表情：（地铁）(老人）（手机）
石岐区打卡
看起来真的好奇怪
摁回去就好哈哈哈我家也有
这居然没有啊嘛粽我不是很认可（doge）
劲仔小鱼
沾蜂蜜！！
咸粽天下第一！
咸粽和螺丝粉爱好者狂喜
不是蘸干燥剂吃
这，我虽然喜欢螺蛳粉，但也就只喜欢正常的螺蛳粉啊
这个超好吃
《梅开2度》
必须甜粽
中山狂喜！
好！！！1
看着这么多粽子已经饱了
miao
下次一定
曲对币有
大涌人狂喜
好家伙，手劲够大的啊
不如咸蛋黄加肉蘸糖
shibuha
啊 我们泉州粽子超好吃的好吗
我们是蘸红糖
绝对是过度包装了！
手机饭？
印度口味》
你猜他为什么叫西米粽
肇庆裹蒸粽啊、
吃那么多不噎么
说是吃不下，吃了一口发现是臭的，直接上头，于是快吃完了(●—●)
有没有一种可能，粽子是坏了才臭的
喜欢吃螺蛳粉的我：打咩  漏
什么？没有儋州肉粽？
双！拼！粽！
我什么没有潮汕双拼粽
不好吃，个人感觉
"好吃的,沾白糖或者裹蜂蜜"
糖浆和蜂蜜～
看起来好好吃
我南方的，甜粽咸粽我也都很喜欢
闽南烧肉粽现在很多都有咸蛋黄贼好吃
甜的才行
好好好
阳江的芦兜粽很长的
但是他还是吃完了，哈哈
牛蛙这手劲
你要是能穿黑丝，我每期三连
懂了去吃香辣鱼
前面温州的等等我！！！！
我感觉冰淇淋的应该会好吃。
我们家喜欢加腊肠
可是我听说这个叫水晶粽
《牙关紧锁》
为啥没有板栗肉粽（虽然大家都吃
特级黄咒灵
《吃不下了》
天生神力
梅开二度
中山人狂喜！
看着像从没消化完的东西里头拽出一根虫子..
？
闽南烧肉粽顶级!!!
一个卖轮胎的
还以为是阿妈粽
特级咒灵
木薯肉粽
+1
喜欢吃螺蛳粉和不喜欢吃螺蛳粉以及爱吃粽子的全都沉默了
我家那边的粽子！！！
特级咒灵
我妈会包普通的咸肉粽和这种
沙溪人狂喜！
中山本人在这从小到大超爱吃
我喜欢枣粽子把枣扣掉蘸糖
没人喜欢吃酸的粽子？
好吃的闽南粽子
嘉兴粽子YYDS
您吃饱了没 请问doge
给我沾白糖
这个好吃的
烧鸭和烤鸭不一样的
好吃的
漳州古城曾记肉粽，以前还在芗城区的时候三两天我就买一个！超级好吃！
嗯
哇塞还有这么粽！
特级咒灵（救命啊）
水了一期
C咪粽！
个人不喜欢甜粽
有没有一种可能是它坏掉了
有包粽子视频吗？手残能学会吗
？？？？？？？？？？？？？？
劲仔小鱼
我们这里叫凉棕，口味一样但是是长条的，也是蘸白糖吃
有没有一种可能，是真的臭了？
粽子解刨现场
我们那不知道放的啥，也没味道，是红色的，沾蜂蜜
喝酸奶和不喝酸奶的都沉默了
梅开二度
沾蜂蜜超好吃
筷子差评
不吉利，糟了
我已经看到一个便秘的人了
吃過！！！！！！
开战！！！！！！！
不行，西米露粽
超好吃这个！
疗伤烧肉粽
 《shuan shuan的感觉》
好的，好吃留给我哥吃！
l同款盘子!！！！
看着好像砵仔糕
我就喜欢那个臭味，下单了下单了
突然唱山歌哈哈哈
第一次见这么小的芦兜粽
这粽子让我想起了派派古早时期测评冰皮月饼的时候
妈见打
芝麻酱，不应该是花生酱
那你还是在乎吧
中山人出没
sorrow 粽
本柳州人问号
螺丝粉粽子最好吃，网上真的有卖
有没有一种可能，它真的臭了
我吃肉粽加辣椒面
大涌人打卡！！
这个巨好吃
第八个：阿玛粽
纯纯的sorrow粽
我吃的时候感觉最好吃
好亲切啊“哦哦的”
..........................
或许，像凉糕的口味
给你给你，你闭嘴！！
老子走哦着着着着
香辣鱼好评
饭量好大，九个粽子
水晶粽子呢
啥玩意啊都是
端午节不是用来纪念屈原的吗这粽子搞这么多花里胡哨的干嘛
嗨嗨嗨
西米棕超好吃！我妈包的就很好吃
西米棕超好吃！我妈包的就很好吃
粑粑饭（幻听
有没有一种可能就是哈哈哈哈
这么吃不会不消化吗？
这么牛的大拇指，和炮姐学的吗
北方人的我只吃甜粽
新疆和田酸奶粽子很好吃的！ 淋酸奶和无花果酱 真的真的！！！
还买这种筷子吗？
同款筷子，同款遭遇
下次一定
",""font_color"":""#FFFFFF"",""font_stroke_color"":""#FFFF"
没有阿玛粽吗
派派到的那个是。。。干燥剂？？？
派派倒的那个难道是。。。干燥剂？？？
南京人打卡
啊啊啊啊啊啊啊沾蜂蜜巨好吃啊啊啊啊啊啊啊
?
无敌
需要double chicken吗？
捞的淌口水
某巴克粽
碱水粽我的超人！！！
这么惨？我点两下支持你！！！
一顿吃了八个粽子了
啊啊啊薛之谦
《演员》
这还能叫粽子吗
我要yue了
？？？？？
阿妈棕的弹幕笑拉了哈哈哈哈哈哈哈哈哈哈哈哈哈哈哈
灵山猪脚粽
不怕手指断了吗？
要用魔法打败魔法，秒啊
马来西亚有娘惹粽 
马来西亚有娘惹粽 
哈哈哈，统一味道不好吗
柳州人沉默了…
血糖爆表
！咸粽万岁
有没有一种可能派派倒的那包是防腐剂（bushi）
刚刚好
有多久没见了
FFFFFF&anim_type=2b106388587680475
简单点，说话的方式简单点，递进的情绪请省略，你又不是个演员，别设计那些情节，没意见....
派派是不是忘记了自己的体检报告（bushi
本中山人从来没吃过？
你还吃的下啊？？
这个吃多了容易腻，本人闽南的
榴莲棕真的绝
中山的看到芦兜粽就开始狂喜，如果是很长的那种里面会有好几个咸蛋黄
啊好喜欢碱水粽
皮肤变好了
好不吉利啊
蘸白糖
是不是可以算粑粑
我学考成绩怎么样
蘸黄糖
切糕
甜党皱眉
我在广西也常吃
我的最爱
建议肇庆裹蒸粽
肇庆裹蒸粽！！！！！
劲仔小鱼，辣quo实
我觉得你得在乎它，所以我不点赞了
有没有可能本来就是坏了？
切糕是切糕啦
吃过
从小吃到大，好吃
《吃一口》
要混起来吃的
南沙人打卡！
蘸酱油好吃
蘸蜂蜜跟白糖好吃
我家都是做这种的
中山的芦兜粽超好吃
你猜它为什么叫西米粽（
前面的我也是沙溪人
阳江也有，
过度包装
我晒干了沉默
和虾米差不多？
这是一次做几个用来拜神的
好的，点两个赞
妙不妙
加糖，加蜜糖，甚至加炼奶都可以，好好吃
有没有一种可能，他放坏了。
星巴克那种吗
没有海鲜粽？要不要给你试试
同款筷子！！！
双厨狂喜
空频是的的了！
对对对，这个我经常吃
拼多多警告！！！！！！！！！
哈哈哈哈哈哈哈，假筷子
然后，，，手指断了
甑糕
福建有，我家就是，碱水粽是最基础的，在这个基础上加其他配料
我在家沾老干妈吃
《小》
3671
来人！把咸粽叉出去！
这个真的很好吃！！！
肇庆的裹蒸粽更出名吧
我们哪里是沾红糖的
沙溪的那个等等 我也是！！！！
中山南朗人打卡
闽南人狂喜
我大闽南肉粽！！！！！！！！！！
是甜辣酱啦
蘸蜂蜜或者是白糖好吃
贵州灰棕！！！
有没有一种可能，他坏了
吴聘就是吃甑高挂的
少侠好臂力
柳州人一脸问号
这个好吃
说甜粽的都是北方人
甜咸我都喜欢吃！
筷子：大哥我来陪你了
万物皆可螺蛳粉
你可能喜欢的是白糖
卧槽好亏
不了不了
北方枣粽天下第一
非洲小龙虾
== 再见
印度抓饭？（
我们这叫灰水棕
不怕拉肚子吗
只吃几口
是啊吗粽啦
？？？？？
不是叫灰古粽吗
说实话粽子我还是觉得嘉兴的好吃
还是小榄粽好吃
！！！！！
有那么瞬间，觉得他和小卢有几分相像
amazon
啊吗粽doge
DS
闽南也吃也沾糖，不过我不怎么喜欢，广东的咸蛋黄粽听说很好吃
碱水粽蘸红糖！！快去试！真的绝！
这种筷子真的很容易断，已经断完买新的了
这个无法接受，有一股特殊的味道。。。
我还以为那玩意是干燥剂（dog）
FFFFFF&anim_type=2b106394683545194
应该配着盐酸，酸碱中和一下吃
蘸蜂蜜！
肇庆裹蒸粽！！！
沙茶酱
我是甜粽子，北方人和南方人我都爱吃（doge）
买酸奶送粽子
陕西的甑糕陕西的甑糕陕西的甑糕陕西的甑糕陕西的甑糕陕西的甑糕陕西的甑糕陕西的甑糕陕西的甑糕陕西的甑糕陕西的甑糕陕西的甑糕
真——特级咒灵
用不锈钢的
没有啊吗粽吗
中山小榄打卡
强烈推荐闽南烧肉粽配沙茶/花生/泰辣酱！！！！！
我的最爱！！！！
会不会坏了
超级好吃这个
新疆人表示第一次听说。。
黑黑的说的是潮汕话吧！
疗伤烧肉粽
阿派吃这么多还能睡着？
我吃过!!蘸白糖好吃!!!
我们广西叫凉粽，沾白糖真的超好吃，一点不腻
好吃的
蛋黄派吃这么多粽子 小心积食哈哈哈哈哈
那有没有新疆炒米粉味
阿妈粽
碱水粽我们这边包红豆沙
西米粽嫉妒推荐！！！！！！
它明明可以直接抢你三百的，却偏偏要给你一盒粽子（doge
它明明可以直接抢你三百的，却偏偏要给你一盒粽子（doge
最大？那你是没见过日照大粽子
只吃咸粽
损失惨重
肇庆裹蒸请求出战
灰水粽
好香，救命
有鱼肉的吗
？？？？？恕我不能接受
？？？？？？？这什么
中山人狂喜！！！
不可以掰开！掰开就不好吃了。
哕了haha
中山人报道
..........
居然没有大粽！！！广西的大粽都没有！！！
加番茄酱
怎么没有啊吗粽
不知道当讲不当讲 他刚刚rua那个粽子我感觉。。。在玩。。。嗯。。。。
西米粽很好吃！
柳州人都沉默了…
酸奶粽子！！！！
中山市民报到
刘明
说不定是真的臭了(
怎么不能取消赞了？？
你吃就吃，捏它干啥
代入感很强，已经开始烧心了
代入感很强，已经开始烧心了
坐标内蒙，我们家一般端午不包粽子，吃凉糕
洞庭湖鱼
可以出冒烤鸭吗
搅x
你币有了
蘸白糖好吃
板栗粽超好吃
？？？？
不应该是给我哥吃吗？
中山人狂喜
中山
柳州人沉默了
这个！最好吃，粘白砂糖
甜粽党表示也是眉头一皱
是白糖好吃……
特级咒灵
碱水粽没有味道的，要蘸糖
新疆人表示应该叫凉糕
一口一个！
混在一起吃啊啊啊啊啊啊啊啊啊
？？？
居然没有锋味粽
哈哈哈
雪！
螺蛳粉饭团
我老家的很香很好吃！！！！
哈哈哈哈哈哈哈哈哈哈
蘸辣椒怎么样
中山沙溪人狂喜
这个真的好吃！！！
跟碱水粽差不多
饱了吃不下了 不测评了
哈哈哈哈哈哈哈哈哈哈哈哈哈哈
人在家中坐，小龙虾粽子天上掉
欧尼酱哈哈哈哈哈哈哈哈哈哈哈哈哈哈
中山人狂喜！！！
消化不良的雪(难视
咸水粽沾黄糖特好吃
没有潮州的双拼粽！
吃不完有惩罚
啃脚皮的小鱼退休后做成香辣鱼
让本来不富裕的家庭，雪上加霜
香菇打咩！
客家人叫灰水粽，我们蘸蜜糖
螺狮粉棕 狠狠爱了
跟星巴克的一样
咸粽yyds
粽子当然甜的
甜粽呢
这个芦兜粽太小了吧
碱水粽蘸白糖啊！！
又爱吃螺蛳粉又爱吃粽子的也沉默了....
可以试试芋头肉粽
坏了？
尤太~尤太~
你挺能吃的了……
啊这
这位更是重量级
有没有一种可能  他坏了
FFFFFF&anim_type=2b106421029040661
看完突然不想吃粽子了
应该还行
我看着蛋黄派吃我也皱眉了哈哈哈哈哈
咸党去世
我的也是这样!
沙溪打卡
所以派派肚子不撑吗
花生酱
肇庆老是说自己粽子好吃  我觉得一般般
有没有欧尼酱（doge）
劲仔？？
特级咒灵
FFFFFF&anim_type=2b106426411056631
随便找个粽子+酸奶就可以了
hhhhhhhhhhh
来新疆吃！超级好吃！新疆老酸奶！
酸奶盖饭！！！
蘸蜂蜜
要红糖啊喂
蘸辣椒
潮汕的双拼粽子呢！！！
猜猜有没有潮汕的双拼粽子
甜粽YYDS
有没有一种可能这个连汤带水的不是螺狮
你是蘸的干燥剂吗？
劲仔
特级咒灵
中山人狂喜
同款盘子诶
不撑么哥
有没有胡辣汤粽？
蜜糖！！！！！
东莞道窖粽！，！，！
白棕子才是王道！
呀哈
两广都有这种
粘蜂蜜！
肇庆裹蒸粽没排上名号嘛哈哈
白嫖直接
蜜枣粽最好吃
没水分的稀饭 上面倒上酸奶
冰過更好吃
榴莲冰晶粽好吃！！！
中山人震惊
最讨厌吃的综艺
好讨厌吃哈哈哈哈
广东特色吧算是！
我超爱吃这个！！！
xcyd
拉稀
水视频
酸酸甜甜就是你啊
巨亏无比
蛋黄派吃咸蛋黄
？
那还是在乎一下吧（doge）
连续两个投资规划
中山人表示怎么没吃过
你和梦泪什么关系
咸粽赛高
中山人闪现！！
经常吃
我喜欢沾蜂蜜！
哎鸭～
？？
甜辣酱yyds
阿妈粽
甜粽呢
我是四川人，吃不来那个碱味
啊？？？
筷子是那个品牌的、
江西喜欢
特级咒灵
？？？？
早期人类驯服筷子失败珍贵影像，接下来看手抓粽
好的我点两下
哈哈哈哈哈哈哈哈哈哈阿玛粽哈哈哈哈哈哈哈哈哈哈哈
300都可以抱着烤鸭啃了
不要停  继续唱
没有啊吗粽 差评
复合？复杂合适？
唯咸粽爱好者无语
有没有啊吗粽啊
哇塞还有点期待
集体沉默
西米！！吃甜的！拿来做粽子干嘛哎哟
点一杯加西米的奶茶不比这香
芜湖~
看着不错
这种筷子又贵又菜
开平驸马粽yyds
哈哈哈哈哈哈哈
我爱咸粽！！！
只爱咸粽！！
吃粽子先叨皮
啊？啊吗粽呢？
广东人狂喜
有没有阿妈粽
我也觉得
咸粽yyds
甜粽YYDS
为了安慰你 我点了两下
狠狠皱眉
沉默
这个超难吃的
吃到第五个就已经撑了嗝
为什么没有啊吗粽
什么什么什么就不在乎他了，什么？有人听清他说什么了吗？
粽叶消失术
贵州的板栗鲜肉灰粽真的吼吼吃 大家可以试试
？
很漂亮
好漂亮
入味了hhhhhhhh
哈哈哈哈
退！退！退！
酸奶粽子超好吃
豆子达咩
贤蛋黄
贤蛋黄
很好吃的
吃这么多吗？ 要不隔天再拍？
好吃这个
好的点了两下
强推 上海枫泾大肉粽无敌！！！！
酸奶紫米露？？
没有粽子叶包着的，最多是糯米饭，八宝饭
拴拴qq的感觉
这个是新疆酸奶·粽还是新疆·酸奶粽
没有粤西的五香五花肉棕吗
？？？？？
我收到了一个咖喱鸡肉粽
我要白粽！！！
我太喜欢白嫖拉（串台）
这个学校发过
咬牙切齿（三星）
福建的也吃过，蘸白糖和蜂蜜都很好吃
双厨狂喜
本来想三连 原来你只要赞啊。 那好吧
这什么破筷子
糯米鸭
我觉得加不加特效效果都一样
广西也吃！！！
蘸蜂蜜或者白砂糖！！！好吃的
sao肉粽（幻听）
你要站着吃啊
咸粽yyds
酸奶粽子我太爱了！！
中山的排面！！！！真的很好吃！！！
这不是水晶粽吗
吃几口？都快吃完了
不爱咸粽爱甜粽
看你吃我都饱了
？
si
发个链接，避个雷（
撤回
《逐渐印度刘庸化》
我点了两个呢
我买的时候五毛钱
直接吃烤鸭不香吗
啊啊啊啊啊对！温州的猫咪粽真的超级好吃
搞得花里胡哨，还是蜜枣粽haochi
烧肉粽要加甜辣酱才好吃！
长条的凉粽啊
没吃饭吗？？哭这么小声
中山人狂喜
我老家的灰水棕！
凉粽
我感觉还挺想吃的
没有半甜半咸的潮汕粽子？
中山石岐报道
我喜欢咸粽蘸白糖
什么b动静
什么黑暗料理
咸！
好吃
臭蛋黄派
广告位出租
《几口》
那是碱味，
天啊，能消化吗
红红火火恍恍惚惚
蘸红糖！！！！
不好吃
不对劲
好家伙...冥府来电是吧?
碱粽沾糖好吃
派派我想看你做披萨
加了酸奶的八宝饭？
没有肇庆的裹蒸粽嘛
哈哈哈哈哈哈哈哈哈
梅开二度！！哈哈哈哈哈哈哈
火炬开发区打卡
哈哈哈哈哈哈哈
朝上人
温州晚米粽天下第一！！！！
是ki yo米
中山人狂喜
筷子:听我说谢谢你……
大冤种
吃剩的螺蛳粉
中山沙溪！
今天在淘宝刷到看奶茶粽子
柳州人表示自己都不吃。。。
西米粽在包的过程中把西米和糖混在一起搅拌再包
 哦。蛋黄派的钱真好赚。
饱了
牛好吃！
我广州的，沾白砂糖好吃，不沾没味
手机广告
开玩笑
我是中山的，真的好吃
撒点五彩缤纷的那个豆豆
粽子本来有点微甜
可能太糯了
是不是蓝莓味的
然后有点透明像
果冻
是不是那种有点阔爱的那种粽子
有本事弄个烧烤粽
广西也吃！
烧肉粽配甜辣酱，超赛高
真的不知道派派你是怎么从以前的青涩进化成这样的
金 钱 的 味 道
？
中山来了！！！
？？？这能吃？？？
白糖是灵魂！！
蘸炼乳无敌好吃
我讨厌碱水粽，但是我妈还挺喜欢的
突然的潮汕话哈哈哈哈
屈原：......
居然没有果蒸粽
真的用力在吃粽子了
昨天看见我弟吃竹筒粽子
酸奶粽好吃！
有没有可能是过期了？
苏州有一家烤串有螺蛳粉烤肠，好好吃的
啊吗粽
咸！
这个超好吃
没有蛋黄？？？？
好多人呀哈哈哈哈哈哈
妈耶，吃这么多该撑了
哈哈哈哈哈哈哈
600多？妙~~啊~
蘸蜂蜜才是最好吃的
加蜂蜜超好吃，個人喜好
哈哈哈哈
哈哈哈哈哈哈
惊现薛之谦！！！
我的一次性筷子也断了
哈哈哈哈哈又是老薛
碱水赤豆超好吃的
我点了两个
这不就是当年星巴克出的粽子
这个好吃
筷子~~~~~~
给你点两下！
giao~寄
海南的蛋黄肉粽也很好吃呜呜呜呜
特级咒灵
暂停成功，哗哗的口水往下流
闽南人狂喜
咸粽！！！！！
这个很好吃！一般是淋蜂蜜或者糖浆之类的
！！！！！！大的更好吃
我朋友家那边是蘸酱油的
哇！！！
我们家（福建漳州）也会包，也是蘸白糖，但是我很不喜欢，从小到大算算就吃了几口吧
你猜他为什么叫西  米呢
福建有佛跳墙粽子 831一盒
不是三角形的 莫得灵魂
有没有阿妈粽
闽南人表示超好吃！！！
吃完这些粽子不知道这胃还能要不（doge
蜜糖！！
咸粽达咩
这个我感觉更像甜点哈哈哈
它可能中毒了
就吃几口
哈哈哈哈哈哈哈哈哈哈哈哈
？？？？？
某种蘑菇
特级咒灵
黄糖水
我是个甜咸粽子都爱吃的北方人
闽南也有，蘸蜂蜜吃
好多人在看
有、想吃
我以为他把防腐剂打开了哈哈
中山人狂喜
丧心病狂
铺
甜粽才最好吃
特级咒灵
《 天  生  神  力 》
《用可乐泡过的小龙虾》
看得我皱起了眉头
中山人在此！！
特级咒灵
为了让你开心，我多点了一下
中山沙溪报道
甜粽最好吃
怎么没有啊吗粽？（doge）
徐州人表示不吃咸粽子
我爱咸粽！！！
我在广东也经常吃这种的
以前是甜粽党，直到今年第一次吃肉粽，对不起甜棕，咸粽绝了啊
大涌人打卡
再见
我从小吃蜜枣粽子长大的
筷子:你礼貌吗？
痛苦面具
横县大粽没有吗？这个应该很多人没吃过
红豆碱水
凉粽？
筷子兄没了
都说北方人爱吃甜粽为什么我爱吃咸粽
不会拉稀吗～
优雅 实在是太优雅了
那你别吃啦！
哈哈哈哈哈
就像榴莲糖一样
有没有可能这个坏了
颜值不错，味道不行
啊吗粽
闽南人表示：甜辣酱和红烧肉汁呢？没有灵魂了！
闽南吃法：冰一下蘸糖，秒啊
这个看着不错
开战吧！！甜粽子无敌
国芳梅干菜粽也好好吃！
欢迎回来【doge】
每个都一整个吃完你到后面还吃得下吗哈哈哈哈哈哈
甜粽！
新疆酸奶巨酸
？？？？
哇
中山人狂喜，可是没吃过这个好像
中山人狂喜！！！
没有粽叶的粽子就是一盘糯米饭 都不用剥皮 吃两口就没了
有没有一种可能，叫螺蛳饭？
螺蛳饭？？？？
中山人狂喜
蛋黄派男大十八变了，几天没看感觉变了个样
辛苦了你了蛋黄酱
、、、、、、、、、、、、、、、锅哈哈哈哈哈、
一句挖槽在口
中山人打卡
《然后加上酸奶那种栓栓的感觉》
哈哈哈哈哈哈哈哈哈哈哈哈哈哈哈哈哈哈哈哈哈哈哈哈
啊啊啊猫咪粽yyds！
哦
^_^
古镇仔打卡
怎么没有蛋棕!呜呜
我喜欢西米棕
好好吃
西米真的好好吃
梅开三度
只吃一口。。。我怀疑你现在还五分饱
五芳斋超级好吃的！
其中烤鸭就花了三百。。。。
大涌打卡
这下口感也像了
放白糖好吃
就和凉粽差不多
中山人狂喜！
哈哈哈哈哈哈
《只吃几口》
会不会它是真的坏了
逆天
你敢说不好?
散了散了，没有妙的
加了加了臭的灵魂酸笋，可不就臭了吗
《只吃几口》
为了支持你，所以我点了两下
《只吃几口》
听好了——老人     地铁     手机
哈哈哈哈哈哈哈哈哈哈哈
哈哈哈哈哈哈哈哈哈哈哈
《白糖粽》
必须甜粽！！！！！！！！
广东阳江 表示超爱建水粽
这个芦篼粽不算大了在中山来说，流下了羡慕的口水～
特级咒灵
正儿八经的酸奶粽子超好吃的！！
酸酸甜甜，还能拉稀(幻视)
干燥剂（bushi
干燥剂（bushi
派派真的可以试试贵州的灰粽 巨好吃
咸粽党已三连
下期试吃啊嘛粽
纯蜜枣粽超好吃谁吃谁知道
达咩 螺蛳粉月饼也挺奇怪的（坐标柳州）
这是我最不喜欢的甜粽没有之一
我通常是蘸蜂蜜的
?/?
咸 蛋 黄
柳州人表示我们不认识这玩意
米包米粽
我正在吃烧鸭。
0
螺蛳粉臭?
FFFFFF&anim_type=2b106525303139169
你这筷子质量太差了
千人大食堂
柳州人沉默
有没有一种可能，就是这两种酱是要混在一起吃的（doge）
可能是坏掉了
应该用粑粑做的
这和粽子有什么关系
咸粽真的好吃哇，肉香四溢
？？？？
你今年
蘸糖！！！！
沙茶酱
咸甜综合粽？？！
盲猜最后啊吗粽
优秀
浙江江山的辣味雪菜肉粽超好吃的
薛之谦粉丝没错了
蘸白糖！！！
贤蛋黄！
喜欢娘惹粽
！！世界第一好吃
对味给币了
中山人路过
有没有可能 这个坏了
梅开二度
吃过
咸粽爱好者沉默了
这连粽子的形状都没有！
给你点两下
我天
Up主是不是口呼吸啊
那就是臭了
一直等冰皮粽居然没有
屈原表示大开眼界
超爱
那还能用咸粽？
梅开二度
螺蛳粉粽感觉怪怪的
空屏是我的了
螺蛳粉都有
阿妈粽哈哈哈哈哈哈
giao级
2001条弹幕去哪里了
miu
",""font_color"":""#FFFFFF"",""font_stroke_color"":""#FFFF"
领域展开，伏魔御厨子
说明这个粽子成本是真的低
一次吃9个粽子不撑吗
嘉兴肉粽呢
毫不浪费?厉害
防腐剂(bushi
哈哈哈我想到了螺蛳粉冰棍
可是酸奶粽子真的很好吃呜呜（这里是新疆孩子
好了好了，乖，三连了
???
推荐下浙江丽水景宁的白米粽！也很香！里面是梅干菜和肉！
过期的螺蛳粉粽
异端
又断了
特级咒灵
吓一跳
咸粽人
咸粽爱好者的我眉头皱的更紧了
Yysd
这个要蘸蜂蜜
哈！～嗨嗐！～
哈！～嗨嗐！～
芜湖！！！正常的
柳州人都沉默了
我喜欢碱水粽沾菜汤，或者配菜吃？
好吃
那么它一定是酸甜辣酱汁
特级咒灵
中山！
海南管这个叫“笠”
←整个闽南话片区都会把黑念作欧的
这个我可
哈哈哈
广东！！我好喜欢吃
大家可以试一下广东睦洲咸肉粽！！真的超级超级香
灰水粽
我也喜欢蘸白糖的粽子 北方人 吃的是白粽子
我喜欢蘸蜂蜜
那你还是在乎一下吧
哥，其实你能拿刀切的hhh~
裹蒸也好吃
不对劲
肇庆粽子
还好我只吃白粽或者豆沙馅，测评这些我不想吃，嘿嘿
欢迎来吃川粽，什么青花椒，折耳根的
三百买烤鸭粽？为什么不直接买一只烤鸭
闽南肉粽超好吃
那就是坏了吧
居然没有斛包
定安黑猪粽啊！全国最好吃！
？？？
合成筷子，哈哈哈。
特级咒灵
好好看。
甜白粽永远的神
我喜欢不蘸糖直接吃
这个好
今天见了螺蛳粉棕
这个巨好吃
白粽子蘸糖永远的神
周杰伦看完也沉默了
能不能出一期测评啊吗粽啊
能不能出一期测评啊吗粽啊
你什么时候结婚，我随600
我们蘸蜂蜜
广西人沉默了
超好吃！！！！
蘸红糖好吃
限哥做过哈哈哈哈哈哈哈哈哈哈哈哈哈哈哈哈哈
0
乐山还有甜皮鸭棕
蘸白糖YYDS
哈哈哈哈哈哈哈哈哈哈哈
五指姑娘真厉害，他的小弟弟真可怜
瞳孔地震
哈哈哈哈哈
就吃几口doge
不是叫甑糕吗
有新疆的宝贝吃过么我好像没吃过
《窜    意》
肇庆的裹蒸棕   很好吃！ 里面有瑶柱
哈哈哈哈哈哈哈哈哈哈哈
yue
烧肉粽+甜辣酱/花生酱，YYDS
新疆人来了 我很爱吃的
弹幕居然这么多中山人哈哈哈哈哈哈
估计坏了
giao级
我明明很轻的鸭
这个我前几天刚买了
烧肉粽 咸的  加辣酱更好吃  来我们泉州吃吧
广东中山人在此！但是我表示没吃过这个。。
闽南也有这种
还有一种豆粽
哈哈哈哈 人在中山 吃到撑
我家也是
中国传统饮食倒也不需要米其林来评级
咸粽yyds
梅开二度
？？？
你们怎么能开袋即食呢要煮一下啊（新疆奶豆腐乱入）
gi 粽
为什么没有啊吗粽
有东米粽吗？(doge)
流一地口水吗
你怎么可以不在乎600块！不点赞了
给本就不富裕的家庭雪上加霜
甜粽爱好者不投币了啊
阿派下次不要一次性吃太多粽子啊！会有点消化不良的
唯甜也皱起了眉头
不对劲
粽子吃双拼啊！
咸粽狗都不吃
臭小伙还乞讨呢 明天给你寄粽子！
下次一定
芦兜粽真的好吃！！！！
中山小榄狂喜！  我奶奶每年都包！
好饿
看饱了
giaoooo级
碱水粽！！！蘸白砂糖！！！
、
可乐的像shi
此时我正如地铁看手机的老人jpg
广东的朋友们，端午节快乐！
同款丽芙家居盘子
有没有可能过期了（  ）
牙碎了是吧？（   ）
这包装就得二三十吧？（    ）
悲伤の小曲
悲伤の小曲
还是在乎一下吧
沉默的和不沉默的都沉默了
有没有可能它其实臭了
粽子吃太多小心脹氣
特级咒灵
不祥之兆
嗨害嗨
是雪！
。
666
我吃过
nb
你何必那么多人在一起的
",""font_color"":""#FFFFFF"",""font_stroke_color"":""#FFFF"
FFFFFF&anim_type=2b106602970936145
你知道这一次次的失误对一个up的心灵会造成多大的打击么
"44p00{""id"":20014,""cid"":0,""advanced"
空屏？
真的超级爱吃这种！
《它这是那种甜粽，但是不甜》
FFFFFF&anim_type=2b106603403920034
来个纯肉的
？？？
啊？
妙啊～～～
哈哈哈
能吃吗
震惊
哈
粽子
",""font_color"":""#FFFFFF"",""font_stroke_color"":""#FFFF"
哈哈哈哈
꒦ິ^꒦ິ
看不到弹幕
？
还是烧肉粽实在
哈
甜辣酸酱
吃过怎么说
会不会坏了
这个肯定很好吃
哈哈哈
就不点就不点
？
啊啦啊啊啊啊啊啊
像不像那啥（doge
酸奶浇上去并没有什么特色
收到，推荐。
吃起来也臭，那好难吃。
下次一定
这个弹幕字颜色好浅，看不清。
哦豁
烤鸭的油，做出来的粽子。
我直接白嫖六百
反正就是自己爱吃什么，跟粽子一起混着吃。
血妈亏
太惨了
妙啊
中考超常发挥
：7
想吃
什么B弹幕根本看不清还要停下来看
……
下次一定
粽子吃上头了。
晚了
助力每一个梦想
哈哈哈哈
呃呃呃
小心丁到起
我也是，才知道可以增加等级的，所以发个试试
特级咒灵
特级咒灵
FFFFFF&anim_type=2b106605718665819
FFFFFF&anim_type=2b106606020288267
好像温州这边是蘸红糖的
我广西的，闻不出臭味啊，只有香
",""font_color"":""#FFFFFF"",""font_stroke_color"":""#FFFF"
1000多人……
好怪
有啊嘛粽吗？
白砂糖！！！！！
xswl
中山人路过
23333
大横栏人打卡
nnnnnnnnnnnnnnnnn
？？？？
FFFFFF&anim_type=2b106607644427633
你是真能吃
"16p00{""id"":20014,""cid"":0,""advance"
地铁老人.jpg
甜的可还行
",""font_color"":""#FFFFFF"",""font_stroke_color"":""#FFFF"
嗯。。。我在想蛋黄派的夜晚或许将在厕所度过
FFFFFF&anim_type=2b106608559040916
这个巨好吃
优雅，永不过时
本期主题：窜西料理大套餐
特级咒灵
碱水粽沾酱油才是绝绝子
FFFFFF&anim_type=2b106608973012851
中山居住15年没听说过
东区来了
蘸白糖真的不错
哈哈哈哈哈
沙溪人打卡
双击了结果全屏了
",""font_color"":""#FFFFFF"",""font_stroke_color"":""#FFFF"
裹蒸粽
",""font_color"":""#FFFFFF"",""font_stroke_color"":""#FFFF"
FFFFFF&anim_type=2b106611375063907
甜食!哇库哇库
FFFFFF&anim_type=2b106611495851489
币了
黑珍珠白色
黑珍珠不是钻吗？
彳亍
下次一定
究极咒灵
江西表示蘸白糖吃
感觉还可以
闽南人吃只沾甜辣酱
我们家也是这个！！！
FFFFFF&anim_type=2b106615161984393
芦兜粽真的！！！yyds！！
筷子跟着你受委屈了
我蘸蜂蜜的
我喜欢
沙溪媳妇打卡
蘸白糖
竹筒粽yyds
FFFFFF&anim_type=2b106616785650656
曲对币有
小榄的打卡
",""font_color"":""#FFFFFF"",""font_stroke_color"":""#FFFF"
我们这边叫做凉粽
是凉粽吗
凉粽超好吃
我们这边剪成小块淋糖浆
哈哈哈哈
FFFFFF&anim_type=2b106618869827137
看你这么不容易我点了两下
酸，甜，糯米？这不就是酒酿么。。
不喜欢但是全吃完了（doge
看起来好吃
77的美食空间
这不就是腊八饭吗？
是的，小时候很喜欢吃蘸砂糖，现在不喜欢了
",""font_color"":""#FFFFFF"",""font_stroke_color"":""#FFFF"
好家伙
关注你两三年了从来没点过赞，白嫖使我快乐
????????????
FFFFFF&anim_type=2b106630726257174
悲伤の小曲
悲伤の小曲
简称感觉好吃
这么早都一百多人看
100多人看，大家起的真卷
我们学校端午和新疆朋友连线见过这个
？？
《日本纳豆》
？
",""font_color"":""#FFFFFF"",""font_stroke_color"":""#FFFF"
中山排面！
特级咒灵
下次吧
！
粽子
海南的表示无法接受
很像你排泄物的残留物
h
FFFFFF&anim_type=2b106641404628014
端午节快乐 
有没有一种可能是粽子坏了
???
这个是相思里的红豆吗
筷子晒干了沉默
Up主挑战一下方便面粽子！！！
红糖粉
爱吃螺蛳粉 不爱吃粽子
",""font_color"":""#FFFFFF"",""font_stroke_color"":""#FFFF"
我闻不到螺蛳粉的臭味
筷子：我要去陪我兄弟了
派派其实可以把煮的过程也放出来的 主要想看派派（doge）
 不知道为什么听了前面那段以后我感觉有点头晕
不不不不不不不不不不不不不不不不不不不不不不不不不不不不不不不不不不不不不不不不不不不不巴巴爸爸宝宝不不不不不不不不不不
"84pɀ00{""id"":20014,""cid"":0,""advanced_block"":0"
会不会是过期了……
:)
沙溪人+1
FFFFFF&anim_type=2b106646364939421
FFFFFF&anim_type=2b106646392277045
日照粽子请求出战！日照粽子像小砖头
特级咒灵
梅开二度
哈哈哈
喜欢甜粽子
卡了吗？
甑糕
",""font_color"":""#FFFFFF"",""font_stroke_color"":""#FFFF"
哈哈哈
？？？
哈哈哈哈
试下榴莲冰粽！！！！
榴莲冰粽真的好吃！！
",""font_color"":""#FFFFFF"",""font_stroke_color"":""#FFFF"
善良的蛋黄派，只求赞不求三连
FFFFFF&anim_type=2b106648819519938
FFFFFF&anim_type=2b106648992800910
",""font_color"":""#FFFFFF"",""font_stroke_color"":""#FFFF"
劲仔
FFFFFF&anim_type=2b106649283455272
这么多人在看？太amazing了吧！
蘸蜂蜜
我们闽南地带都蘸蜂蜜！！甜丝丝的
有没有可能它就是臭了
为什么你的闽南肉粽没有栗子
阿妈zong 
点了点了 别念了
nbnb
中山人在此！中山一中
优雅，实在太优雅了
配上炼奶绝配
吃过一次，一直难忘
海南定安黑猪肉粽yyds
",""font_color"":""#FFFFFF"",""font_stroke_color"":""#FFFF"
我觉得直接吃也蛮不错的
小榄人打卡
新疆人表示，酸奶粽子就是白粽+酸奶+果酱
闽南人也是！！！蘸白砂糖或蜂蜜都很好吃！
没有嘉兴肉粽吗？
咸肉粽才是精髓啊，各位
吃过，蘸糖吃
中国粽子需要国外的厨师来评价，说实话，不一定好吃。。
酸了的甜辣酱
天生神力
特级咒灵
端午安康
咋回事
hhhhhhhhhhhhhhhhhhhhhhhhh
FFFFFF&anim_type=2b106654984526063
绝了
甜粽好吃好吧
1
好像镜糕啊，没到酸奶前。
这…………
裹zhen粽
待会手也断了（Doge）
甜粽吃了觉得反胃。
哇哇
和果冻粽子很像
哈哈哈哈神tm糯米鸡
我只爱白粽蘸糖
这不是洗碗的吗（碱水）
FFFFFF&anim_type=2b106656669975236
这个我不喜欢吃 而且我那边不是包这个形状的
啥糖都行哦！
这个不是甜粽呐 都说过了 这种粽子本身是没有味道的
因人而异
小
我听都没听过。。。。。
FFFFFF&anim_type=2b106657681404853
可以蘸蜂蜜，闽南这边也有这样吃的！
芦兜粽妙在芦兜粽叶独特的香气
吃起来臭 
所以粽子几个角
FFFFFF&anim_type=2b106658775073767
",""font_color"":""#FFFFFF"",""font_stroke_color"":""#FFFF"
我们这边就是蘸着白糖吃，小时候挺爱吃的
",""font_color"":""#FFFFFF"",""font_stroke_color"":""#FFFF"
弹幕好搞
阿妈粽呢（）
本期最大看点：筷子
弹幕真好玩
我么这边叫凉粽
像啊，很像啊
有没有阿玛粽
FFFFFF&anim_type=2b106660250905899
FFFFFF&anim_type=2b106660618673428
优雅的串线串太远了吧
啥
端午节快乐
粽子吃多不消化
《梅开二度》
特级咒灵
FFFFFF&anim_type=2b106663081720570
烧肉
演员。。。。。。。。。。。。。。。。。。。。。。。。。。。。。。。。。。。。。。。。。。。。。。。。。。。。。。。。。。。。。。。。。。。。。。。。。。。。。。。。。。。。。。。。。。。。。。。。
福建人狂喜
",""font_color"":""#FFFFFF"",""font_stroke_color"":""#FFFF"
",""font_color"":""#FFFFFF"",""font_stroke_color"":""#FFFF"
....
咸肉粽子
正在吃烤鸭哈哈哈哈哈哈哈哈
粽子？
碱水粽适合煎着吃！
又增加了成本
芝麻酱嚯红糖！
中山人狂喜
—【______
怎么吃的下的哈哈哈
额。
前方高能 蛋黄派流口水了
石岐人打卡！
像啊，很像啊
哈哈哈哈哈哈
梅开二度
。
最贵的是阿妈粽
筷子的敌人
优雅，实在是太优雅了
来个阿妈粽
我喜欢甜的
端午安康
广西人和非广西人都沉默了
闽南人狂喜
这包装···百雀羚？？
咸甜都爱
广东一般都是这样的，咸肉粽，大小用料有点差别这个样子
？
同款筷子
那你卫生莫不吃米饭配烤鸭（doge）
同款筷子
搜索
成本巨高
大胃王？？
FFFFFF&anim_type=2b106669013436941
糯米鸡，五块钱一个
FFFFFF&anim_type=2b106669187412481
！
白嫖不香吗
痛苦面具
《万物皆能粽》
天生神力
这个好吃
迪那个巴应该会喜欢
可乐为什么不能直接喝
和星巴克那个差不多吗
《寄食》
",""font_color"":""#FFFFFF"",""font_stroke_color"":""#FFFF"
哈哈哈哈
下次丕定
这个还挺好吃的 啊
神奇的弹幕
我会撒盐吃
怪力
你油放多了吧
"16p00{""id"":20014,""cid"":0,""advanced_"
梅开二度
梅开二度
特级咒灵
咸粽yyds
《酸奶盖饭》
广西这边叫灰水粽，要蘸糖吃的
FFFFFF&anim_type=2b106672680730007
",""font_color"":""#FFFFFF"",""font_stroke_color"":""#FFFF"
是筷子的问题还是你手的力度的问题
",""font_color"":""#FFFFFF"",""font_stroke_color"":""#FFFF"
有啊吗粽吗？（doge）
快试一下肉粽蘸白糖!
好耶!这个我喜欢
干净又卫生
"92p⸥00{""id"":20014,""cid"":0,""advanced_block"
大米粽尝试一下
咸蛋黄！
FFFFFF&anim_type=2b106674566726474
甜粽yyds
本闽南人觉得可能是梅子酱
可以蘸蜂蜜和白糖
闽南人狂喜！
大力出奇迹
好能炫啊，8个肚子不饱IMA哈哈哈哈哈
哈哈哈哈哈哈哈
为什么没有海鲜粽
这个粽子口感好好
有没有一种可能臭是因为粽子坏了
有没有可能是真的臭了(doge)
他在狂笑
蘸蜂蜜！
FFFFFF&anim_type=2b106676264120220
肉粽是人吃的东西吗
这玩意都没啥味道…我不喜欢吃
我们家包粽子都是包这种
你赚到了
特级咒灵
我蛮喜欢吃的！
这断掉的两根不刚好又凑一双(doge)
爱吃粽子的和不爱吃粽子的都沉默了 
nice
特级咒灵
智慧的眼神
嗨嗨嗨
不!我不给你点赞，我偏要给你投币（没想到吧！）
用烤鸭油
裹蒸粽才是
有没有一种可能这个粽子叫逼兜粽
至少这个粽子比其他的正常
本期没有妙啊~差评
厉害
端午节快乐
lmx。。。。。
哈哈哈哈哈哈哈
哈哈哈哈哈哈哈哈哈
咸的甜的粽子都好吃嘿嘿
感觉有点像雪
断了哈哈哈
哈哈哈哈哈
嗨害嗨
梅开二度
哈哈哈哈哈哈哈
酸奶粽子感觉不错哈哈哈
梅开三度
FFFFFF&anim_type=2b106681875463944
哎呀妈呀，真想奥利给
深海小鱼!
"80p00{""id"":20014,""cid"":0,""advanced_block"
起飞
饭量可以哦
腌入味了吧
这种也配叫粽子
哈哈
心脏骤停
FFFFFF&anim_type=2b106683327114237
退，退，退
费大幅度发
y
各位吃过板栗棕吗
红糖！
333
",""font_color"":""#FFFFFF"",""font_stroke_color"":""#FFFF"
坐标广西崇左。我们这粘蜂蜜吃，刚好端午节也是开蜂蜜的时节。
甑糕
《king qi~》
本人北方人，至今未吃过咸粽
我刚拉出来的
强行处cp
有点像烧麦
哇哦
哈哈哈哈
大力出奇迹嘛
龙虾粽
哈哈
厦门烧肉粽真的很爱
奇怪的节目效果增加了
FFFFFF&anim_type=2b106690448641452
中山港口报道
我喜欢碱水味道
我爱甜的
你为什么能吃得下这么多粽子
这个弹幕
五芳斋yyds
海南的粽子挺好吃的
特级咒灵
喜欢这个然后最好里面没东西
温州的
沾蜂蜜水
这个正宗的是真好吃
yesyes家乡的烧肉粽配甜辣酱最好吃不允许反驳！！
吃到真的...了（doge）
我超爱吃黄豆粽
脱皮绿豆粽
桅粽？
光是看就已经觉得饱了
我选择吃嘉兴粽子
好家伙
中山人来了
逐渐印度化
哈哈哈
FFFFFF&anim_type=2b106715371645442
哈哈哈哈
红豆味赛高！！！！！！！！！！！！
",""font_color"":""#FFFFFF"",""font_stroke_color"":""#FFFF"
特级咒灵
特级咒灵
甜粽太yue了
我家一大堆
带shit的（幻听）
居然没有啊吗粽
我喜欢蘸酱油
芜湖～～～
??
中山欣慰
哈哈哈哈哈哈
s
好喜欢吃！蘸融化的黄糖很好吃！
南方表示接受不了
我在新疆都没吃到过
少年
hhh
咳咳咳咳
特级咒灵
为什么没有啊吗粽！？
还以为是干燥剂
FFFFFF&anim_type=2b106723577240860
看的好撑
kuai
西米粽很好吃的！！！
hhh
FFFFFF&anim_type=2b106724982707675
不爱吃螺狮粉的和不爱吃粽子的都心动了
筷子：我裂开了
呀，今天早上我就是吃这个的
承包空屏
？？？
哼哼  啊啊啊 ♂
FFFFFF&anim_type=2b106726890984286
雪(悲)
可乐粽nb！！
哇
爱吃螺诗粉和爱吃粽子的都沉默了
好吃！
阿玛粽~
还得是阿妈粽
我的评价是不如阿妈粽
福建也吃
弹幕怎么了
从小就吃碱水粽
疗伤烧肉粽
哈哈哈哈哈哈哈
居然没有嘉兴肉粽
最近喜欢上了五谷杂粮粽，真的好吃，杂粮本味的
我居然吃过
我不挑食，都能吃的高兴
可怕
不是只吃一口嘛
七百万了嚯
曲对币大大的有，我直接双厨狂喜
梅开二度
梅开二度
蛋黄派：俺也一样
哎嘿～这个感觉可以
白粽，挺好
66666
QAQ画质感人
？？？？
哈哈哈哈
不好吃
我想吃这个
哇这个弹幕
yee
我怎么感觉是瘦版卢本伟呀
礼盒299，里面的粽子1块钱，总价300
只吃咸粽的人看到一脸懵逼。。这这这
居然没有欧尼酱
哦哄记得视屏开头我发的弹幕吗
烧肉粽又有多少
烧肉粽yyds
哈哈哈哈哈
",""font_color"":""#FFFFFF"",""font_stroke_color"":""#FFFF"
我吃过!
妈见打行为
螺蛳粉闻着臭吗
灰粽子！
筷子有毒
酸奶糯米捞
啊啊啊
对不起，这个新疆人不认领
梅开二度
？我趣
甜粽YYDS，肉粽狗都不吃
好奇怪呀！
烧肉粽好吃！！！
用手抓吧
FFFFFF&anim_type=2b106740133820539
那天我在超市看到了椰子鸡粽，它好清奇
这个挺好吃的
我们自己包的啥都有
肇庆粽不服
《特级咒灵》
哇塞
爱吃螺狮粉和不爱吃粽子的都沉默了
"04pܸ00{""id"":20014,""cid"":0,""advanced"
我想看吃阿玛粽
阿玛粽
阿玛粽
阿玛粽
居然没有阿玛粽
下次一定
天生神力
哈哈
优雅，太优雅了
芜湖起飞
糖稀！！！！快！！！糖稀！！！
小鱼干粽
？？？？？？？？？？
没特效了吗？
彻底变成了一坨
特级咒灵
印度吃法
笑得太苦涩了hhh
俺甜咸都爱
蘸蜜吃
小龙虾粽
定安黑猪棕
什么水平的视频 还好意思要赞
为什么不用勺子？
好
看起来不错唉
广西人也是
？
烤鸭没得脆皮吃哪有灵魂啊
蘸蜂蜜用的碱水粽
】【】
我们福建这是沾蜂蜜
??????????
福建人狂喜
海鲜粽好吃
广东粽好吃
拔除
优雅
蘸 点 六 舅（手动滑稽）
咸粽党走起
咸粽甜粽都好吃
反正我们这管他叫灰粽子
咦咦咦咦
西米粽里面不包点豆沙吗
特级咒灵
真不错
gh
《就吃亿口》
《法医派派》
"28pۊ00{""id"":20014,""cid"":0,""advanced_block"":"
外皮是碱水粽那样的话里面甜的可以接受
但是外面糯米里面甜枣什么的我get不到
目前为止，没一个我能接受的
哇！
耳机党和筷子一起裂开
碱水粽不是红色的吗？？！
弹幕怎么回事！！
分几天拍就好了
天生神力
中山人狂喜
烧肉粽永远的神
我想起蘸墨水那位
海南屯昌黑猪肉粽yyds
闽南人狂喜！！！！！
沾糖吃！
这啥啊，哕！
西米粽放肉好吃！我做过！
梅开二度
究级咒灵
hhhh
小龙虾棕？？？
我们家就是碱水粽+糖，但我现在已经不喜欢了
我太喜欢白嫖拉（串台）
《酸奶糯米饭》
haihaihai
奇怪，我第一次吃螺蛳粉一点臭味没闻到，全家在卧室都闻得到就我闻不到
筷子：你礼貌么
蛋开二度
有没有Amazon
哇塞
手指断了
最近有点背
中山人狂喜
这，有点消化不良啊
还以为是外面糯米，包西米。
弹幕
香
我老家那边有些一只就买五十多
混着吃这么多不会拉肚子吗？
坐着吃不行吗
东莞道滘蛋黄咸肉棕yyds
是一种蘑菇（bushi）
闽南人给你投币
“黄，，的酱
老扒
灰汤粽
中山人狂喜
中山人打卡（冰箱里还有一天2斤的芦兜粽）
糯米？你们不是江米做的粽子吗
我都不加馅儿的纯是糯米粽子然后放白砂糖
把我看撑了
中看不中用
没有粽叶包的也敢叫粽子
咸肉粽差不多
卖包装的
没一个好吃的，奇葩
哇
甜的我喜欢南瓜粽，咸的我喜欢五花肉粽
我们广西这边要配蜂蜜！！！
弹幕变了哦
就  吃  几  口
强烈推荐海南的定安黑猪肉粽 巨巨巨好吃
真的可以的
奇奇怪怪
奇奇怪怪
我不能接受
庞臭！！
3根手指
裂开了哈哈哈
特级咒灵
中山人报道
所以是什么馅的呢？？
原来是紫薯馅得儿～
FFFFFF&anim_type=2b106788754881212
yee
还有Aamzon
我吃过！！！！1
我刚吃完西米粽
咸粽yyds
白糖指干燥剂（doge）
太香辣
吃过！好吃！但是吃多了会腻
甜咸我都爱～
甜粽yyds
说起来我是北方人可我爱吃咸口的粽子
下次一定
特级咒灵
1
三连啦！别叫了(●°u°●)​ 」
特级咒灵
哈哈哈哈
甜棕yyds
哈哈
甜粽爱好者皱起了眉头
妙不妙
我的最爱！
风味鱼，绝了，嘶哈
西八粽
超好吃！
梅开二度
高 兴 极 了
我可以点两个
奇怪住了哈哈哈哈
去去去
     筷     子     兄     
粽子的弹幕好可爱！！
没有人觉得蘸红糖香吗！！！
第十种粽子：啊嘛粽
潮汕人倍感亲切哈哈
，
好吃
哈哈哈哈哈哈
酸甜辣汁
咸粽子真能吃吗（？
《梅开二度》
手断了
特级咒灵
xfgh
这个黑暗料理的感觉啊  这个我不敢轻易的尝试的
雪上加霜
下次一定
秒
我一个新疆人完全不知道酸奶粽子！
噜啦啦噜啦啦
碱水粽沾糖好吃
哇塞这也太好看了吧
厨师叫烤鸭
啧
粘豆粉
！！！
蛋黄肉粽yyds
西米粽是我唯一能接受的甜粽
童粽，公司发了一盒，里面有个藤椒鲜肉味儿的给我整不会了。。
不叫他粽子我就能接受了
双厨狂喜
碱水粽牛批！
没有小米粽子？
咸粽永远的神！！！
中山！！！！
嗻
sas
mm
肇庆裹蒸粽更大只
咸甜的我全都有
怎么没有潮汕双拼粽?
就这？
点赞的人挺多的，我就不了，你们先请
",""font_color"":""#FFFFFF"",""font_stroke_color"":""#FFFF"
作为广东人非常不喜欢吃
甜粽(bushi)
咸肉粽yyds!!
哈哈哈
广西玉林灰水粽是蘸蜂蜜的
《嗑瓜子》
中山人狂喜！
大涌来啦
我喜欢蘸红糖
雪
鲜肉粽没得吃过
那可能真的臭了
"44pɇ00{""id"":20014,""cid"":0,""advanced_block"
我觉得西米粽的口感不是很好
咸粽子爱好者皱起了眉头qwq
蘸蜂蜜！
空ping
空屏是我的了
都OK啦
我们闽南烧肉粽YYDS
甜粽经过冷冻更好吃
哇
好好看啊啊啊啊啊啊啊
居然那么多中山人我惊了哈哈哈
能不能来个白米蜜枣粽子
有沒有啊嘛種
甜粽达咩！！！！！
饿了饿了
让你的肚子成为生物反应器（doge
中山上学的来打卡
",""font_color"":""#FFFFFF"",""font_stroke_color"":""#FFFF"
哈哈哈
特级咒灵
"完了,我在中山生活了几十年都没吃过这个粽子(悲)"
好哎，是绿豆蛋黄瘦肉芦兜粽
筷子是哪家买的 我避雷去（gode）
哈哈哈哈哈哈哈哈哈哈哈哈哈哈
江西也有好多碱水粽
中山人在此
就吃一口
我们这是蘸蜂蜜
怎么没有阿吗粽
星冰粽
俺也一样
沾蜂蜜才是王道
牛
白糖蜜糖都好吃
.
...
我们学校的粽子五块一个还贼小贼难吃55
特级咒灵
啧啧啧
灰水粽
烤徐大虾粽
《吃不下了，只吃一口》
《吃不下了，只吃一口》
你吃这么多粽子真的没关系吗
历史总是惊人的相似
帅小伙
哈哈哈
小心你的手指
？
这个算小的了
FFFFFF&anim_type=2b106876231085797
《专业》
",""font_color"":""#FFFFFF"",""font_stroke_color"":""#FFFF"
只吃白粽子，连糖也不沾
爱吃螺蛳粉和爱吃咸粽的都沉默了
特级咒灵
、
酸奶粽好吃车(新疆人)
烧肉粽牌面！！！
啥玩意儿啊哈哈哈哈
怕不是坏了吧
福建也有，蘸醋也不错！
简称没有味道
特级咒灵
干净又卫生
酸 奶 盖 饭
哈哈哈哈哈哈哈哈哈哈哈哈哈
辣酱
ohohohohohohoh
特级咒灵
黑糖！
这看着好甜啊，颜值还挺高的
竹笋叶包的碱水粽超好吃
吃粽子和螺蛳粉的都皱起了眉头（
再断筷！大凶之兆！
椰子糯米粽子
0
哈哈哈哈
可能放臭了
西米粽真的巨好吃（落泪）
螺丝饭
好漂亮
yeeeeeeeeeeeeeeeeeeeeeeeeeeeeeeeeeeeeeeeeeeeeeeeeeeeeeeeee
不错
裹蒸粽呢呢
《记  录  生  活  的  蛋  黄  粽》
花里胡哨的粽子
就说蛋白要不以后就用银筷子把
这个弹幕666
蛋黄酱（bushi
甜品？
哦~那好像尝到味道了()
梅开二度
哈哈哈哈
……
我有点撑了
曾经吃过螺蛳粉味的薯片，难吃得给我送走。。
过期的甜辣酱
石岐人留下了眼泪
谦谦y y d s
我蛮想尝试一下最后一个的
寄生虫
给你赞给你赞
怎么你的粽子都黏黏的？！
怎么这么能吃啊
星冰粽
白的肉粽不能接受！蘸酱油吃
666
阿派是潮汕人的话应该吃过咸甜粽子，所以能接受应该很正常
血亏
鸡翅包饭算不算粽子
螺蛳粉其实不臭，跟榴莲一样
所以没有烧鸭在里面？
直接买几个烧鸭吃不香吗
哈哈哈
同款筷子！！！！
臭了
这个弹幕好奇怪
哈哈哈
筷子质量差
烧鸭不就是烤鸭吗？？？
广西的粽子也好吃，又大又长
应该叫深海小鱼，我记得
这弹幕行啊
没想到有人跟我一样喜欢吃咸粽
这个很好吃
好家伙
绍兴肉粽永远滴神，只吃绍兴肉粽！！！！！！！！！！真的好吃，不夸张！！
挑食叉出去
等下手指断掉了（不是
爱吃螺蛳粉和爱吃粽子的都沉默了
氯化钴溶液泡过的
不爱吃甜
yue
雪
碱水粽万岁！！
梅开二度
花生酱
碱水粽难吃..
酸奶紫米露
怎么不试吃肇庆的裹蒸粽！？
不用芦苇叶子包起来还叫粽子吗
有没有可能是坏了
汕头有双拼的粽子，超好吃！味道不冲突
求生欲拉满
梅开二度
可能是因为你拿着吃的(dog
咦呀，
不知道得啥味道哈哈哈哈
酱油就好
这弹幕怎么回事
好再见
特级咒灵
螺蛳粉味？
《好想》
我是爱吃螺蛳粉，但不是有病(doge)
太仓沙溪！！！！
中山芦篼粽yyds （我就在中山）
yi
嘿嘿
蜜枣粽才是yds
特级咒灵
湖南人表示从小家里就吃碱水粽
我也是，才知道可以增加等级的，所以发个试试
哈哈哈哈哈哈
有没有可能是福寿螺
好了好了点了
中山人狂喜
梅开二度
雷电将军狂喜
中山人报道
只爱咸粽！！
m
吃咸粽子的和吃甜粽子的都沉默了
吃辣么多不胖的人
欧欧的哈哈哈哈
特级咒灵
感觉绝对好吃
裹蒸粽表示不服
咸蛋黄肉y y d s
下次一定
这个必须沾白糖
太奇怪了恕我不能接受
有没有一种可能…
哈哈哈哈哈哈哈
我拿没馅儿粽子当馒头
你奶奶
江西也有
赚了赚了
我又来了
西八粽
福建人狂喜！超好吃的肉粽
唯一的正常粽子
弹幕怎么了
会串稀的吧
真特别
我想尝一下
8个种子 你真能吃
666
梅开二度
giao级
好好看
糯米鸡
闽南烧肉粽 YYDS，！！！！！！！
冰粽吧
特级咒灵！
哦哦哦噢噢噢哦哦
是“枧水”不是“碱水”要区分开
是“枧水”不是“碱水”要区分开
哈哈哈哈哈哈哈哈
.....
大吗
但是他干了
我的天啊，还扒扒，yee~【doge】
什么！！
他一顿吃好多粽子啊哈哈哈哈哈哈
《八宝奶》
甜粽子无敌
这筷子怎么又断了哈哈哈
爱吃粽子，爱吃螺蛳粉，却不爱吃螺蛳粉粽子，这多离谱
ss2s
特级咒灵
海南也吃！！还有碱水馍呢！
小榄人打卡
哦干活
我吃的酸奶粽为什么不是这样的，救命
永远咸粽
镜糕，西安的叫法，没人管这当粽子
啊吗粽
闽南人狂喜！烧肉粽真的很好吃！
南宁也吃这个
放坏了吧
这不得来一句干净又卫生？
特级咒灵
哈哈哈
哈哈哈哈
哈哈哈
坑粽
加甜辣酱！！！
手机电满了
等一下！你竟然！都吃完了！不撑吗！
有毛血旺粽子吗
沉默是金
我有一瞬间眼花看到了记录生活的蛋黄粽
懂了 去吃果冻沾白糖
YYYY
弹幕咋回事
芜湖
原来是我家特产吗？！我以为广东都有！
哈哈哈哈哈哈哈哈哈哈咋回事啊，小卢的刀已经按耐不住了
牛蛙牛蛙
哈哈哈哈
中山人突然被点名哈哈哈哈哈
筷子:我裂开了
超好吃
you
梅开二度
闽南烧肉粽无敌！！！
闽南人狂喜
帅小伙
..
YYDS
离谱嗷
饿了
超级好吃
甜粽党沉默
碱水粽蘸白糖 甜党咸党都沉默了
这个不是干燥剂吧
同款筷子同款断
广西吃的也多
蘸蜂蜜和白糖吃
？？？？？？？？
广西长条的，那叫一个绝
xswl
？？？
点了点了
原来这么多中山的
哇吃的好多啊
中山人狂喜
但是我感觉你很喜欢螺蛳粉这个，你给吃完了
星冰粽：？
yee
哈哈哈，好奇葩
VVV
哈哈哈没
臭粽
真优雅
感觉会中毒 
筷子:终究还是错付了 
特级咒灵出现了
白嫖
老薛二连
哈哈哈哈哈哈哈哈哈哈哈哈哈哈哈哈哈哈哈哈哈哈哈
没有阿妈粽我不是很认可（doge）
花里胡哨
。
咱们就说我们家的粽子都是包板栗和肉的
特级咒灵
一次吃这么多粽子 撑不撑啊
这还算粽子吗
哈哈哈哈哈哈牛皮，吃个粽子废了两双筷子
居然不来个肇庆裹蒸粽
弹幕好有意思
小姐姐
？？？？？？
酸奶粽子是近几年发明的吗 甑糕倒上酸奶
别买 星巴克的
除了螺蛳粉味的，其他都想尝试尝试
哦呢酱
？？？？？？？？？？？？？？
我吊州人鲜肉粽沾白糖吃嗨嗨
我喜欢咸粽沾白糖
优雅
梅州叫这个灰水棕
糯米鸡
？？？
111
我为什么闻着也不臭呢
真好牛啊
奇怪的知识增加了
qq鱼吗！超好吃的！
曲对币有！
曲对币有
sao肉粽
石岐人打卡
机粽，听不懂我不说什么听得懂的都懂
看撑了
他好能吃，
只因
我们家同款筷子，同款遭遇
特级咒灵
蘸红糖好吃
筷子啊！！！
潮汕人表示自己家就是做的这种！！有肉豆子蛋黄啥的贼好吃！！
？？？？
哈哈哈哈哈哈
特级咒灵
特级咒灵
芜
西米粽是真的好吃！！！！
我说的是螺蛳粉粽
它是忌食的
有没有可能，吃起来臭是因为他放坏了
啊啊啊
就是直接蒸的糯米，≈八宝饭，糯米饭，凉糕
碱水粽加石灰的，第一次吃给吓一跳
卧槽
逆天
粽子
特级咒灵
特级咒灵
哈哈哈哈哈哈
不至于不至于
这个好馋
我们这边都是这个
迷你版
梅开二度
看帅小伙吃粽子我直接吃不下去饭
中山人在
没开二度
有没有想过，可能是坏了
下次一定
你的胃会不会黏住哈哈哈哈哈哈哈
柳州本地螺蛳粉是闻着也不臭的，不信来了试试
柳州的闻着也不臭
发生什么事了
哈哈
贤蛋黄磕到了
贤蛋黄 磕到了
这些动物都不太喜欢
啊吗粽
哈哈哈哈哈哈
优雅，实在是太优雅了
阿妈粽
福建人狂喜
《两口》
海胆粽呢！！！
？？？？？？？？？？？？？广西人馋了
水东海鲜粽好吃
yue....了
阳江这边也是用的同一种叶子，不过包法不一样哈哈
+1
吃过，蘸糖的
老薛出现～
湖南也吃碱水粽，沾点黄豆粉沾点白糖，从小就喜欢这么吃
hhhhhhh
只吃几口。。。
这个西米粽也挺好吃的
hello
太优雅了
给爷整笑了
好油的感觉诶
这个真的不是干燥剂吗
弹幕好好玩哈哈哈哈
为什么我感觉很好吃的样子
小龙虾粽子好可爱
吃起来也臭那就是坏了
懂了，现在就去买香辣鱼
开始皱眉
哈哈哈哈哈哈哈哈
哈哈哈哈这弹幕
真的不会拉吗
哈哈哈哈哈哈哈
人不在中山，但是家里竟然包过类似的
可以用调羹嘛
雪
中山人没听过
好 点赞就行，那不投币了
九折？
特级咒灵
能让甜党和咸党同时沉默的粽子
甜粽爱好者表示嫌弃
我柜子动了，我柜子动了
我还是觉得白米粽最好吃，什么也不加的那种
马上让五条老师把拔除你
《只吃几口》
蘸酱油
哈哈哈哈哈哈哈
咦～呀
感觉蘸红糖比白糖好吃
广西人表示好好吃哈哈哈
不如糯米鸡
为什么现在不留给你哥吃了？
喔喔喔
我特
牛逼
臭(警觉)
哇哦，流口水了
这个好好吃的样子！
我超级喜欢吃！
碱水粽！我的神！
中山人冒泡，这种包法太熟悉了哈哈哈哈哈哈
粽子好吃
整整一盒，300又如何？
特级咒灵
深圳海胆粽你不吃？？
好奇怪…怎么感觉自己闻到味道了
中山粽YYDS
特级咒灵
没吃到，不点
这个和粽子有一毛钱关系？
本想投币的，你却让我点赞就好
关于up一次吃了四个粽子还能吃这件事
嗨害嗨
呼呼呼
特级咒灵
肉呢？
烤 鸭 粽 没 有 烤 鸭
特级咒灵
这次评测很不错
这东西跟粽子究竟有什么关系？
花生酱！！！！
有味道，不用白糖
天啊，作为中山人我不知道
弹幕好看
什么2
终于正常点了
不，我喜欢沾炼奶吃
竹筒粽
蘸蜂蜜！
吃着吃着就变成了非洲美食节目了
这个就特别像拉出来的。。。里面没有消化好的
沾蜂蜜！
这是黑暗料理吗？？？
神力
？
吃了这么多粽子，饭量不错啊
巨尼玛好吃
等会，啊吗粽呢？
潮汕的咸粽子真的超好吃
潮汕话
怎么回事
还以为那一包是干燥剂
直皱眉
甜辣酱配肉粽yyds!!!
这个好吃！
本柳州人表示迷惑
这个好好吃
就应该是这个()
搔鸭粽
那就是真的臭了
不好吃，口感好可怕
没有啊嘛粽差评
星巴克的粽子
陈佩斯狂喜
哈哈哈哈哈哈哈哈哈
梅开二度
哈哈哈哈哈哈哈
《疗伤烧肉粽》
有没有人爱吃阿吗粽
666
自家包的烧肉粽肉多料也多yyds
其实是沙县辣酱
中山人不知道的可能家里老一辈人不是中山的
97个人出来吧
甜粽爱好者 目 瞪 口 呆 
？
他不腻吗？
广州人也吃啊
？？
芜湖温州老乡
好吃！
蘸白糖
猫咪粽！我知道
弹幕好多温州人哈哈哈
在央视看过
一天糯米摄入量貌似不能太多
特级咒灵
像在吃翔
甜辣酱yyds
0
？？？
本螺蛳粉土著认为可能是酸笋的品质不太好
烧肉粽很好吃的！
si
爱吃甜粽的和爱吃咸粽的都沉默了........
666
666
？？？
哈哈哈哈哈哈哈哈
无敌难吃！！！
HHHHH
梅开二度
血亏
哈哈哈哈哈哈哈哈哈哈哈哈
省流：没有啊吗粽[doge]
我傻了
刚刚那个可乐的简直是下饭视频的反义词——反胃视频
爱吃粽子的不爱吃粽子都震惊了
滴口水哈哈哈哈
天生神力
额
“小”龙虾
中山人狂喜
可以可以
粘芝麻白糖粉好吃到起飞
？？？？？？
没有卫龙辣粽我不是很赞同
最爱肉粽
、】+
你海能吃呢？
你他喵的怎么这么能吃啊
疗伤烧肉粽
可怜
一顿吃完这么多
酸奶拌饭
好家伙
有没有听说过灵山大粽
哈哈哈哈哈哈哈
蘸白糖黄豆粉巨好吃
特级咒灵
我也想吃咸粽
特级咒灵
为什么不直接吃烧鸭配白米粽呢
我家自己做做的就是这个！
用拌的会更好吃！
我作为一个广东人居然没有吃过
特级咒灵
啊啊啊啊啊啊必须是咸粽
中山人在此
广东叫灰粽
烧鸭，哈哈哈
有！闽南就有！
梅开二度
妙啊
真优雅
哈哈哈哈哈哈哈哈哈哈啊哈
好吃的
吖，弹幕停滞了
这个超好吃的，为什么要皱眉头
蘸蜂蜜！巨好吃！
一半是火焰一半是海水
甑糕
端水
闽南也吃这个
馊了
哈哈哈哈哈哈哈哈
-*
哈哈哈
这个看得我地铁老人看手机的表情。
我就是闽南人呐，就是爱吃烧肉粽，不过烧肉粽是咸口的，可能不会有很多人喜欢吃。
要流口水了口水滴到粽子里啦
第十种啊嘛粽
肇庆裹蒸粽阿。。。
这粽子我憋不住了。
看着挺香
拔刀吧！红豆西米粽才是yyds！！！
人呢
无妙无赞
关键不是粽子好吃是白糖好吃
蜂蜜直接升华
米其林三星阿麻棕
。
特级咒灵
我小时候小学门口有卖！现在都没看见了（湖南人）
特级咒灵
凸凸
具体情况？
？
？
看到一半：为什么我要在上厕所是看这个？
就离谱
握草，就说这个粽子怎么这么眼熟，原来是我中山的啊
感觉会串稀
桂花粽很香
我开了一个假弹幕嘛
OMG感觉前面几个都没食欲，碱水和西米看着可以
优雅！实在是太优雅了！！！
这个是皮蛋味儿的，超级。。。
饿了
是花生酱
我喜欢我喜欢我喜欢我喜欢我喜欢沾蜂蜜
超好吃超好吃超好吃超好吃
爱吃螺蛳粉的和爱吃粽子的人都沉默了
我超这个看起来好好吃
我也觉得
不是白的吗
其实没必要咸甜大战，每个人口味不同，尊重差异
其实没必要咸甜大战，每个人口味不同，尊重差异
螺蛳粉的气味是臭的，所以螺狮粉味是臭的，没有问题
本闽南人表示是甜辣酱
:
我爱西米粽！！
下次一定
《梅开二度》
笑喜我啦啊哈哈哈哈哈
这两双筷子你币有了
特级咒灵
正好凑一对
好家伙
妙~啊
坦洲路过
最好蘸白糖 可好吃了
这个真的不好吃 嚼蜡一样
没
啊吗粽呢？
是的 
奇奇怪怪的东西
！！！！！居然吃到自己家
坏的都是橘色的，这一批橘色的筷子缝合处可能有问题
甑糕
？
只吃几口（指吃完）
我也喜欢蘸白糖
特级咒灵
特级咒灵
好像是食堂泼辣酱doge
。
啊这
筷子，没有你我怎么活啊
吃过吃过，不沾白糖不好吃
《粽子》
？？？
，
西安的镜糕
今年端午没粽子吃所以现在疯狂刷视屏
太神奇了
碱水粽子带屑的（bishi
我天天吃这个
是欧尼酱
徐大虾
饭量太牛了吧
笨笨
弹幕好帅！
.....
？？？
此人由我咸粽党贴身护卫！
为啥我觉得碱水粽一股皮蛋味。。
本来想三连，既然如此，浅赞一下好了
好吃这个！
疗伤烧肉粽
哈哈
筷子：我免费啦
感觉他要开领域了
闽南烧肉粽YYDS
白粽沾白糖yyds
吃了这东西我能在厕所蹲一天
阿妈粽
特级咒灵
哈哈哈
没有白糖的同学可以用亚硝酸盐代替（doge）
咒术回战
番茄酱哈哈哈
甜粽永远的神
喜欢吃粽子的和喜欢吃螺蛳粉的都沉默了 
？？？
？？？？？？？？？？？
广西人沉默粽
你撑蛮
这个弹幕哈哈哈哈哈
可以吃吃横县大粽，很大很大很大
好家伙我真卡了……
yue
蜂蜜才是灵魂
广东中山人起立
帅小伙
这个巨好吃！
有这300我得买10个烤鸭了
只试吃一口
碱水粽要沾糖，不然就是纯糯米没味道喵
haochi!
广东算是咸甜都吃的和谐地区了
咸粽爱好者皱起了眉头
是黄色的酱哦~~~~~~
这也太抽象了
这个好吃
可以试一下煎了，也很香
蒜蓉酱（幻听
我喜欢蘸小朋友吃
《欧欧的》
yue
感谢排雷
梅开二度
吃这个我喜欢空吃
《 梅 开 二 度 》
你给我们看了我们没吃过的粽子，然后我们还是没吃过啊
hh
111
《啊吗粽》
我喜欢蘸酱油
蘸酱油啊
蘸酱油我能一次吃十个
劲仔小鱼
小！
疗伤烧肉粽～
唔！弹幕去哪了
薛之谦！
你猜他为什么叫西米粽
可以去投诉了
我吃过红豆味的西米粽！很好吃！
你猜他为什么要叫
蘸蜂蜜才是yyds！
你这粽子不够臭(
特级咒灵
他的手好好看啊
表里合一
...
你是一个一个一个螺蛳粉粽
谁能理解我晚上看这个视频的难受
哈哈哈哈哈哈哈
嗯是我的方法不对吗
芜湖
好耶
这个弹幕怎么回事
哈哈哈哈哈哈
特级咒灵
特级咒灵
粽子界钟薛高
······························································································
灰水粽
有没有一种可能是白糖好吃
O
小龙虾把筷子夹断了
我正在吃
还不如自己做呢
真的好好吃
特级咒灵啥意思
我咸甜粽都很喜欢吃
特级咒灵
优雅，太优雅了
我比较喜欢吃咸的哎
（破甲）
还行
妙啊
众所周知筷子是费力杠杆
。。。
带粽好评
中山人狂喜
阿这
特级咒灵
挑食的叉出去（恼）
哇灰水粽！！！
广西也
这个弹幕看都看不到字
我蘸醋吃
哈哈哈哈哈哈哈哈哈哈哈
有没有一种可能，它真的臭了
有没有一种可能，酸辣酱
二刷
是不是粽子坏了？
哈哈哈
弹幕吓我一跳
家人们碱水粽吗蘸那个肉汤绝了
前面那个，是 啊吗粽 ，不是 啊嘛粽
优雅
中山沙溪
哈哈哈
广西叫凉粽
特级咒灵
哈哈
特级咒灵
？？
绷不住了
真giao级
贤蛋黄
太妙了。
这是我兄弟……
玄鸭
卧槽，大力金刚指
空屏是爷的了
哈哈哈哈哈哈哈哈哈哈哈哈哈哈哈哈哈哈
像极了我们学校的糯米鸡
总结：就是爱吃咸粽
特级咒灵
沉默
喜欢酸奶和喜欢粽子的都沉默了
真的会沉默
甜粽才好，尤其是香芋馅的
我还以为里面是香芋呢
、、、
Amazon
求生欲极强
"RNM,退钱！"
我爱碱水粽！！！！
皋     姬
我还以为撒的是防腐剂(
？！
咸粽子！一定是咸粽子！
啊这竟然没有啊嘛粽我个人不是很认同
空屏是我的啦
600多[滑稽]
特级咒灵
这味道
吃榴莲冰粽！
是新疆的和不是新疆的都沉默了
新疆人表示看不懂
西米粽真的爱
甜粽子者流口水了
弹幕呢
特级咒怨
甜粽的我沉思了
就吃几嘴原来就是几嘴吃完的意思吗，实诚
哪里，明明有味道，跟仙草冻味道不一样，我接受不了TT
新疆人沉默了
阿巴
我觉得很苦
特级咒灵
l
完成？
疗伤烧肉粽
我被吓到了，你币没了！
南方人喜欢咸粽很正常吧
？
我也要发个弹幕
这不就是最普通的粽子吗？？？
中山学生狂喜
。优雅
《小》
一整个无语住了
我家这边虽然是广东但是我家几乎只吃咸粽欸
那我买碱水粽
特级咒灵
优雅！太优雅了！
《我只吃几口》
What
榴莲粽比较好吃
怎么回事
阿这，新疆人都没这么吃过
你会吃吗你就搁吗测评
再用就没筷子吃饭了
？
吃不到，白嫖
对的！！
双喜临门
人话：一点味没有
特级咒灵
这么漂亮不知道好不好吃哦⊙▽⊙
本中山人很少吃
所以烧鸭呢？
甜
攞石芬宗
甜的才是王道
牛蛙
离谱
有没有可能是它坏了
我蘸辣椒酱
这....
北方人沉默了
《就吃几口》
(⊙o⊙)…】】】】
酷
唯咸粽子主义者狂喜
下次一定
阿妈粽到底是谁吃谁啊
qwq
《优雅》
天生神力
特级咒灵
咸粽和甜粽我都吃，但我更喜欢咸粽，咸粽yyds咸粽yyds
我滴妈呀
特级咒灵
66
纳尼
梅开2度
优雅！实在是太优雅了！！！
咩呀，滂臭
闽南人狂喜
吃过!
我们这边就是叫jing糕
哦？
咸粽爱好者狂喜
这个看起来好好吃！
感觉像你18年的时候吃过的山寨星巴克
我觉得就干吃我也可以
更爱咸粽
我们潮汕叫黑糖粽
黑化了这个
真可怕
烧肉粽超级好吃！
好吃
广西沉默粽
蘸蜂蜜或者白糖很不错
颜值好高！
干燥剂
越南粽
烤鸭粽里放的是香菇
白粽加糖yyds
我也是中山人南头
我一个闽南人告诉你，烧肉粽该配甜辣酱
URBB........走错片场了
优雅！实在是太优雅了！！！
［？］
我也爱咸粽！
新疆粽子是那种纯酸奶，自己做的那种
杏子酱啊啊啊啊啊啊啊，酸奶粽子的灵魂
梅开二度
;';'HGDAFJKL;'HGDAFJKL;'HGDAFJKL
好好好儿子我给你投币。
酸奶奶豆腐嘎嘎好
蒸八宝饭0Pppppppppppp I'm a fan pp pppppppppppppppp
???
汉堡包
好想吃这个
？
☞
广东人从小吃到大
乐极生悲
啊？
坏了
""
