",""mime"":""zip"",""resource"":""i0.hdslb.com/bfs/dm/02"
"32p00{""id"":20014,""cid"":0,""advance"
",""mime"":""zip"",""resource"":""i0.hdslb.com/bfs/dm/02"
ff2ce5&anim_type=2b115782966583505
ff2ce5&anim_type=2b115782977187563
"#ff2ce5""}"
ff2ce5&anim_type=2b115782990862652
ff2ce5&anim_type=2b115782996878978
ff2ce5&anim_type=2b115782999375419
ff2ce5&anim_type=2b115783000291480
ff2ce5&anim_type=2b115783002769462
"#ff2ce5""}"
",""mime"":""zip"",""resource"":""i0.hdslb.com/bfs/dm/02"
",""mime"":""zip"",""resource"":""i0.hdslb.com/bfs/dm/02"
"#ff2ce5""}"
ff2ce5&anim_type=2b115783008479580
",""mime"":""zip"",""resource"":""i0.hdslb.com/bfs/dm/02"
"52p00{""id"":20014,""cid"":0,""advanced_b"
",""mime"":""zip"",""resource"":""i0.hdslb.com/bfs/dm/02"
ff2ce5&anim_type=2b115783035322290
"#ff2ce5""}"
ff2ce5&anim_type=2b115783044440688
",""mime"":""zip"",""resource"":""i0.hdslb.com/bfs/dm/02"
ff2ce5&anim_type=2b115783045506890
"44p00{""id"":20014,""cid"":0,""advanced_b"
"#ff2ce5""}"
ff2ce5&anim_type=2b115783048862321
ff2ce5&anim_type=2b115783048874929
"#ff2ce5""}"
ff2ce5&anim_type=2b115783050449463
ff2ce5&anim_type=2b115783051206132
"#ff2ce5""}"
",""mime"":""zip"",""resource"":""i0.hdslb.com/bfs/dm/02"
",""mime"":""zip"",""resource"":""i0.hdslb.com/bfs/dm/02"
"#ff2ce5""}"
"#ff2ce5""}"
"56p00{""id"":20014,""cid"":0,""advance"
"#ff2ce5""}"
"#ff2ce5""}"
",""mime"":""zip"",""resource"":""i0.hdslb.com/bfs/dm/02"
ff2ce5&anim_type=2b115783061653285
",""mime"":""zip"",""resource"":""i0.hdslb.com/bfs/dm/02"
",""mime"":""zip"",""resource"":""i0.hdslb.com/bfs/dm/02"
ff2ce5&anim_type=2b115783063832641
ff2ce5&anim_type=2b115783065335070
"#ff2ce5""}"
",""mime"":""zip"",""resource"":""i0.hdslb.com/bfs/dm/02"
",""mime"":""zip"",""resource"":""i0.hdslb.com/bfs/dm/02"
"#ff2ce5""}"
",""mime"":""zip"",""resource"":""i0.hdslb.com/bfs/dm/02"
"#ff2ce5""}"
ff2ce5&anim_type=2b115783072247247
",""mime"":""zip"",""resource"":""i0.hdslb.com/bfs/dm/02"
ff2ce5&anim_type=2b115783073707709
",""mime"":""zip"",""resource"":""i0.hdslb.com/bfs/dm/02"
ff2ce5&anim_type=2b115783074511330
ff2ce5&anim_type=2b115783075337645
ff2ce5&anim_type=2b115783076132022
ff2ce5&anim_type=2b115783078217422
ff2ce5&anim_type=2b115783078722429
",""mime"":""zip"",""resource"":""i0.hdslb.com/bfs/dm/02"
"#ff2ce5""}"
ff2ce5&anim_type=2b115783083300116
ff2ce5&anim_type=2b115783084338609
ff2ce5&anim_type=2b115783084340273
ff2ce5&anim_type=2b115783085242906
",""mime"":""zip"",""resource"":""i0.hdslb.com/bfs/dm/02"
ff2ce5&anim_type=2b115783085395579
",""mime"":""zip"",""resource"":""i0.hdslb.com/bfs/dm/02"
ff2ce5&anim_type=2b115783086974293
ff2ce5&anim_type=2b115783087918840
"#ff2ce5""}"
ff2ce5&anim_type=2b115783092547678
ff2ce5&anim_type=2b115783093757343
ff2ce5&anim_type=2b115783093951936
",""mime"":""zip"",""resource"":""i0.hdslb.com/bfs/dm/02"
",""mime"":""zip"",""resource"":""i0.hdslb.com/bfs/dm/02"
",""mime"":""zip"",""resource"":""i0.hdslb.com/bfs/dm/02"
",""mime"":""zip"",""resource"":""i0.hdslb.com/bfs/dm/02"
ff2ce5&anim_type=2b115783097703324
ff2ce5&anim_type=2b115783100467386
"#ff2ce5""}"
ff2ce5&anim_type=2b115783101307907
"#ff2ce5""}"
ff2ce5&anim_type=2b115783101482392
",""mime"":""zip"",""resource"":""i0.hdslb.com/bfs/dm/02"
ff2ce5&anim_type=2b115783103395839
ff2ce5&anim_type=2b115783103674325
",""mime"":""zip"",""resource"":""i0.hdslb.com/bfs/dm/02"
",""mime"":""zip"",""resource"":""i0.hdslb.com/bfs/dm/02"
ff2ce5&anim_type=2b115783105424221
ff2ce5&anim_type=2b115783106406519
ff2ce5&anim_type=2b115783109171397
",""mime"":""zip"",""resource"":""i0.hdslb.com/bfs/dm/02"
ff2ce5&anim_type=2b115783110415414
"40px00{""id"":20014,""cid"":0,""advanc"
"#ff2ce5""}"
ff2ce5&anim_type=2b115783112390107
"#ff2ce5""}"
",""mime"":""zip"",""resource"":""i0.hdslb.com/bfs/dm/02"
"#ff2ce5""}"
ff2ce5&anim_type=2b115783116496335
ff2ce5&anim_type=2b115783117419065
",""mime"":""zip"",""resource"":""i0.hdslb.com/bfs/dm/02"
ff2ce5&anim_type=2b115783119567393
ff2ce5&anim_type=2b115783120094223
ff2ce5&anim_type=2b115783121021136
ff2ce5&anim_type=2b115783121815551
ff2ce5&anim_type=2b115783125367278
",""mime"":""zip"",""resource"":""i0.hdslb.com/bfs/dm/02"
ff2ce5&anim_type=2b115783126170052
ff2ce5&anim_type=2b115783127311750
"#ff2ce5""}"
",""mime"":""zip"",""resource"":""i0.hdslb.com/bfs/dm/02"
"16p奉00{""id"":20014,""cid"":0,""advanced"
ff2ce5&anim_type=2b115783129289809
ff2ce5&anim_type=2b115783129302407
ff2ce5&anim_type=2b115783132045444
"36p00{""id"":20014,""cid"":0,""advanced_blo"
"#ff2ce5""}"
ff2ce5&anim_type=2b115783133992440
"60pԅx00{""id"":20014,""cid"":0,""advanced"
",""mime"":""zip"",""resource"":""i0.hdslb.com/bfs/dm/02"
"#ff2ce5""}"
",""mime"":""zip"",""resource"":""i0.hdslb.com/bfs/dm/02"
",""mime"":""zip"",""resource"":""i0.hdslb.com/bfs/dm/02"
ff2ce5&anim_type=2b115783136922578
",""mime"":""zip"",""resource"":""i0.hdslb.com/bfs/dm/02"
ff2ce5&anim_type=2b115783137186810
ff2ce5&anim_type=2b115783138228691
ff2ce5&anim_type=2b115783138855347
"#ff2ce5""}"
ff2ce5&anim_type=2b115783141714156
ff2ce5&anim_type=2b115783141914648
ff2ce5&anim_type=2b115783142221650
ff2ce5&anim_type=2b115783142250216
"04px00{""id"":20014,""cid"":0,""advanc"
",""mime"":""zip"",""resource"":""i0.hdslb.com/bfs/dm/02"
ff2ce5&anim_type=2b115783145230664
"#ff2ce5""}"
",""mime"":""zip"",""resource"":""i0.hdslb.com/bfs/dm/02"
ff2ce5&anim_type=2b115783146083791
",""mime"":""zip"",""resource"":""i0.hdslb.com/bfs/dm/02"
"#ff2ce5""}"
"08pɒx00{""id"":20014,""cid"":0,""advanced_"
ff2ce5&anim_type=2b115783149045793
",""mime"":""zip"",""resource"":""i0.hdslb.com/bfs/dm/02"
ff2ce5&anim_type=2b115783150813276
",""mime"":""zip"",""resource"":""i0.hdslb.com/bfs/dm/02"
"08px00{""id"":20014,""cid"":0,""advance"
"#ff2ce5""}"
ff2ce5&anim_type=2b115783152663810
",""mime"":""zip"",""resource"":""i0.hdslb.com/bfs/dm/02"
"64pͱ00{""id"":20014,""cid"":0,""advanced_"
"#ff2ce5""}"
ff2ce5&anim_type=2b115783156020953
"#ff2ce5""}"
ff2ce5&anim_type=2b115783157434400
"#ff2ce5""}"
ff2ce5&anim_type=2b115783158717868
",""mime"":""zip"",""resource"":""i0.hdslb.com/bfs/dm/02"
"24pݺx00{""id"":20014,""cid"":0,""advan"
"#ff2ce5""}"
"#ff2ce5""}"
ff2ce5&anim_type=2b115783163679735
ff2ce5&anim_type=2b115783165120065
"#ff2ce5""}"
ff2ce5&anim_type=2b115783165684606
",""mime"":""zip"",""resource"":""i0.hdslb.com/bfs/dm/02"
",""mime"":""zip"",""resource"":""i0.hdslb.com/bfs/dm/02"
"#ff2ce5""}"
",""mime"":""zip"",""resource"":""i0.hdslb.com/bfs/dm/02"
"#ff2ce5""}"
",""mime"":""zip"",""resource"":""i0.hdslb.com/bfs/dm/02"
",""mime"":""zip"",""resource"":""i0.hdslb.com/bfs/dm/02"
"#ff2ce5""}"
"60p00{""id"":20014,""cid"":0,""advanced_block"":0"
"#ff2ce5""}"
"#ff2ce5""}"
ff2ce5&anim_type=2b115783172085952
ff2ce5&anim_type=2b115783172285632
",""mime"":""zip"",""resource"":""i0.hdslb.com/bfs/dm/02"
ff2ce5&anim_type=2b115783172634585
"68p00{""id"":20014,""cid"":0,""advanced"
",""mime"":""zip"",""resource"":""i0.hdslb.com/bfs/dm/02"
",""mime"":""zip"",""resource"":""i0.hdslb.com/bfs/dm/02"
",""mime"":""zip"",""resource"":""i0.hdslb.com/bfs/dm/02"
",""mime"":""zip"",""resource"":""i0.hdslb.com/bfs/dm/02"
"#ff2ce5""}"
ff2ce5&anim_type=2b115783175723236
",""mime"":""zip"",""resource"":""i0.hdslb.com/bfs/dm/02"
ff2ce5&anim_type=2b115783175793715
",""mime"":""zip"",""resource"":""i0.hdslb.com/bfs/dm/02"
",""mime"":""zip"",""resource"":""i0.hdslb.com/bfs/dm/02"
ff2ce5&anim_type=2b115783178519188
"#ff2ce5""}"
ff2ce5&anim_type=2b115783179558528
",""mime"":""zip"",""resource"":""i0.hdslb.com/bfs/dm/02"
"#ff2ce5""}"
",""mime"":""zip"",""resource"":""i0.hdslb.com/bfs/dm/02"
ff2ce5&anim_type=2b115783184355971
"80p00{""id"":20014,""cid"":0,""advanced"
ff2ce5&anim_type=2b115783187109136
ff2ce5&anim_type=2b115783187567958
ff2ce5&anim_type=2b115783188307002
ff2ce5&anim_type=2b115783189590455
ff2ce5&anim_type=2b115783189750693
ff2ce5&anim_type=2b115783190287548
"#ff2ce5""}"
"92pɍ00{""id"":20014,""cid"":0,""advanced"
ff2ce5&anim_type=2b115783191414978
ff2ce5&anim_type=2b115783191444352
ff2ce5&anim_type=2b115783193617857
",""mime"":""zip"",""resource"":""i0.hdslb.com/bfs/dm/02"
ff2ce5&anim_type=2b115783194021342
ff2ce5&anim_type=2b115783194432389
ff2ce5&anim_type=2b115783195196592
ff2ce5&anim_type=2b115783195812291
",""mime"":""zip"",""resource"":""i0.hdslb.com/bfs/dm/02"
",""mime"":""zip"",""resource"":""i0.hdslb.com/bfs/dm/02"
"36p00{""id"":20014,""cid"":0,""advanced"
ff2ce5&anim_type=2b115783196250184
"#ff2ce5""}"
ff2ce5&anim_type=2b115783196504344
"#ff2ce5""}"
"#ff2ce5""}"
ff2ce5&anim_type=2b115783198592260
"#ff2ce5""}"
",""mime"":""zip"",""resource"":""i0.hdslb.com/bfs/dm/02"
"44p00{""id"":20014,""cid"":0,""advanced_"
ff2ce5&anim_type=2b115783202158265
"20p00{""id"":20014,""cid"":0,""advanced_b"
",""mime"":""zip"",""resource"":""i0.hdslb.com/bfs/dm/02"
ff2ce5&anim_type=2b115783204248713
ff2ce5&anim_type=2b115783205067442
"#ff2ce5""}"
",""mime"":""zip"",""resource"":""i0.hdslb.com/bfs/dm/02"
"52p00{""id"":20014,""cid"":0,""advanced"
ff2ce5&anim_type=2b115783207668740
ff2ce5&anim_type=2b115783208065520
ff2ce5&anim_type=2b115783208924544
"#ff2ce5""}"
"12p00{""id"":20014,""cid"":0,""advanced"
",""mime"":""zip"",""resource"":""i0.hdslb.com/bfs/dm/02"
ff2ce5&anim_type=2b115783211637394
"#ff2ce5""}"
"#ff2ce5""}"
ff2ce5&anim_type=2b115783212764001
"#ff2ce5""}"
ff2ce5&anim_type=2b115783213564254
",""mime"":""zip"",""resource"":""i0.hdslb.com/bfs/dm/02"
ff2ce5&anim_type=2b115783215821663
",""mime"":""zip"",""resource"":""i0.hdslb.com/bfs/dm/02"
ff2ce5&anim_type=2b115783217388619
"#ff2ce5""}"
ff2ce5&anim_type=2b115783217847478
"88p00{""id"":20014,""cid"":0,""advance"
"#ff2ce5""}"
ff2ce5&anim_type=2b115783222473789
ff2ce5&anim_type=2b115783224409046
",""mime"":""zip"",""resource"":""i0.hdslb.com/bfs/dm/02"
ff2ce5&anim_type=2b115783226931520
",""mime"":""zip"",""resource"":""i0.hdslb.com/bfs/dm/02"
",""mime"":""zip"",""resource"":""i0.hdslb.com/bfs/dm/02"
",""mime"":""zip"",""resource"":""i0.hdslb.com/bfs/dm/02"
ff2ce5&anim_type=2b115783230016823
"32p00{""id"":20014,""cid"":0,""advanced_"
",""mime"":""zip"",""resource"":""i0.hdslb.com/bfs/dm/02"
ff2ce5&anim_type=2b115783232141682
",""mime"":""zip"",""resource"":""i0.hdslb.com/bfs/dm/02"
"#ff2ce5""}"
",""mime"":""zip"",""resource"":""i0.hdslb.com/bfs/dm/02"
"#ff2ce5""}"
ff2ce5&anim_type=2b115783237375335
"#ff2ce5""}"
",""mime"":""zip"",""resource"":""i0.hdslb.com/bfs/dm/02"
ff2ce5&anim_type=2b115783239055590
ff2ce5&anim_type=2b115783239386900
"#ff2ce5""}"
ff2ce5&anim_type=2b115783241596474
"88pک00{""id"":20014,""cid"":0,""advance"
ff2ce5&anim_type=2b115783243535087
ff2ce5&anim_type=2b115783243545983
"#ff2ce5""}"
",""mime"":""zip"",""resource"":""i0.hdslb.com/bfs/dm/02"
ff2ce5&anim_type=2b115783246233692
ff2ce5&anim_type=2b115783246514739
"#ff2ce5""}"
",""mime"":""zip"",""resource"":""i0.hdslb.com/bfs/dm/02"
",""mime"":""zip"",""resource"":""i0.hdslb.com/bfs/dm/02"
ff2ce5&anim_type=2b115783250943898
",""mime"":""zip"",""resource"":""i0.hdslb.com/bfs/dm/02"
ff2ce5&anim_type=2b115783252561212
"60pTx00{""id"":20014,""cid"":0,""advanced_"
",""mime"":""zip"",""resource"":""i0.hdslb.com/bfs/dm/02"
"16p
00{""id"":20014,""cid"":0,""advanced"
",""mime"":""zip"",""resource"":""i0.hdslb.com/bfs/dm/02"
"#ff2ce5""}"
",""mime"":""zip"",""resource"":""i0.hdslb.com/bfs/dm/02"
ff2ce5&anim_type=2b115783258970145
ff2ce5&anim_type=2b115783260037985
"#ff2ce5""}"
",""mime"":""zip"",""resource"":""i0.hdslb.com/bfs/dm/02"
"#ff2ce5""}"
ff2ce5&anim_type=2b115783261481682
"#ff2ce5""}"
ff2ce5&anim_type=2b115783262620834
",""mime"":""zip"",""resource"":""i0.hdslb.com/bfs/dm/02"
",""mime"":""zip"",""resource"":""i0.hdslb.com/bfs/dm/02"
ff2ce5&anim_type=2b115783264345534
ff2ce5&anim_type=2b115783264518338
"#ff2ce5""}"
"#ff2ce5""}"
ff2ce5&anim_type=2b115783266345410
"20pʟ500{""id"":20014,""cid"":0,""advanced_block"":0"
ff2ce5&anim_type=2b115783266863810
"#ff2ce5""}"
ff2ce5&anim_type=2b115783269562410
",""mime"":""zip"",""resource"":""i0.hdslb.com/bfs/dm/02"
ff2ce5&anim_type=2b115783275946135
"#ff2ce5""}"
",""mime"":""zip"",""resource"":""i0.hdslb.com/bfs/dm/02"
",""mime"":""zip"",""resource"":""i0.hdslb.com/bfs/dm/02"
",""mime"":""zip"",""resource"":""i0.hdslb.com/bfs/dm/02"
ff2ce5&anim_type=2b115783277896512
"#ff2ce5""}"
ff2ce5&anim_type=2b115783282970756
",""mime"":""zip"",""resource"":""i0.hdslb.com/bfs/dm/02"
ff2ce5&anim_type=2b115783285006681
ff2ce5&anim_type=2b115783286020866
"48p00{""id"":20014,""cid"":0,""advanced_"
ff2ce5&anim_type=2b115783287551803
ff2ce5&anim_type=2b115783289143948
ff2ce5&anim_type=2b115783290135487
",""mime"":""zip"",""resource"":""i0.hdslb.com/bfs/dm/02"
ff2ce5&anim_type=2b115783290778873
",""mime"":""zip"",""resource"":""i0.hdslb.com/bfs/dm/02"
ff2ce5&anim_type=2b115783292797178
ff2ce5&anim_type=2b115783293711533
",""mime"":""zip"",""resource"":""i0.hdslb.com/bfs/dm/02"
"40p͆00{""id"":20014,""cid"":0,""advance"
ff2ce5&anim_type=2b115783297087937
",""mime"":""zip"",""resource"":""i0.hdslb.com/bfs/dm/02"
"#ff2ce5""}"
ff2ce5&anim_type=2b115783301906379
"72p
x00{""id"":20014,""cid"":0,""advanced_blo"
"#ff2ce5""}"
ff2ce5&anim_type=2b115783305510966
"#ff2ce5""}"
ff2ce5&anim_type=2b115783308298512
ff2ce5&anim_type=2b115783308449486
"72p00{""id"":20014,""cid"":0,""advance"
",""mime"":""zip"",""resource"":""i0.hdslb.com/bfs/dm/02"
"80p00{""id"":20014,""cid"":0,""advanced_"
ff2ce5&anim_type=2b115783311408983
",""mime"":""zip"",""resource"":""i0.hdslb.com/bfs/dm/02"
ff2ce5&anim_type=2b115783311729438
ff2ce5&anim_type=2b115783311913133
ff2ce5&anim_type=2b115783312647158
",""mime"":""zip"",""resource"":""i0.hdslb.com/bfs/dm/02"
"#ff2ce5""}"
",""mime"":""zip"",""resource"":""i0.hdslb.com/bfs/dm/02"
",""mime"":""zip"",""resource"":""i0.hdslb.com/bfs/dm/02"
",""mime"":""zip"",""resource"":""i0.hdslb.com/bfs/dm/02"
"20p׶00{""id"":20014,""cid"":0,""advanced_blo"
",""mime"":""zip"",""resource"":""i0.hdslb.com/bfs/dm/02"
"32px00{""id"":20014,""cid"":0,""advance"
"#ff2ce5""}"
ff2ce5&anim_type=2b115783320130640
",""mime"":""zip"",""resource"":""i0.hdslb.com/bfs/dm/02"
"#ff2ce5""}"
ff2ce5&anim_type=2b115783321591092
"#ff2ce5""}"
ff2ce5&anim_type=2b115783322859445
ff2ce5&anim_type=2b115783323075864
",""mime"":""zip"",""resource"":""i0.hdslb.com/bfs/dm/02"
ff2ce5&anim_type=2b115783324397914
",""mime"":""zip"",""resource"":""i0.hdslb.com/bfs/dm/02"
",""mime"":""zip"",""resource"":""i0.hdslb.com/bfs/dm/02"
",""mime"":""zip"",""resource"":""i0.hdslb.com/bfs/dm/02"
",""mime"":""zip"",""resource"":""i0.hdslb.com/bfs/dm/02"
ff2ce5&anim_type=2b115783329099713
"04px00{""id"":20014,""cid"":0,""advance"
",""mime"":""zip"",""resource"":""i0.hdslb.com/bfs/dm/02"
"36p00{""id"":20014,""cid"":0,""advanced"
"#ff2ce5""}"
ff2ce5&anim_type=2b115783333764647
"24p00{""id"":20014,""cid"":0,""advance"
"60pɚ00{""id"":20014,""cid"":0,""advanced_blo"
ff2ce5&anim_type=2b115783336461576
"60pޅ00{""id"":20014,""cid"":0,""advanced"
ff2ce5&anim_type=2b115783337802062
",""mime"":""zip"",""resource"":""i0.hdslb.com/bfs/dm/02"
",""mime"":""zip"",""resource"":""i0.hdslb.com/bfs/dm/02"
ff2ce5&anim_type=2b115783340418464
ff2ce5&anim_type=2b115783340469639
",""mime"":""zip"",""resource"":""i0.hdslb.com/bfs/dm/02"
",""mime"":""zip"",""resource"":""i0.hdslb.com/bfs/dm/02"
"#ff2ce5""}"
ff2ce5&anim_type=2b115783342014835
",""mime"":""zip"",""resource"":""i0.hdslb.com/bfs/dm/02"
",""mime"":""zip"",""resource"":""i0.hdslb.com/bfs/dm/02"
",""mime"":""zip"",""resource"":""i0.hdslb.com/bfs/dm/02"
"#ff2ce5""}"
",""mime"":""zip"",""resource"":""i0.hdslb.com/bfs/dm/02"
",""mime"":""zip"",""resource"":""i0.hdslb.com/bfs/dm/02"
"20p00{""id"":20014,""cid"":0,""advanced"
"#ff2ce5""}"
ff2ce5&anim_type=2b115783352918344
ff2ce5&anim_type=2b115783353353691
"00px00{""id"":20014,""cid"":0,""advanced_"
",""mime"":""zip"",""resource"":""i0.hdslb.com/bfs/dm/02"
ff2ce5&anim_type=2b115783354466052
ff2ce5&anim_type=2b115783355180729
"#ff2ce5""}"
"#ff2ce5""}"
",""mime"":""zip"",""resource"":""i0.hdslb.com/bfs/dm/02"
",""mime"":""zip"",""resource"":""i0.hdslb.com/bfs/dm/02"
ff2ce5&anim_type=2b115783359338976
ff2ce5&anim_type=2b115783359791133
"#ff2ce5""}"
"#ff2ce5""}"
"#ff2ce5""}"
"#ff2ce5""}"
",""mime"":""zip"",""resource"":""i0.hdslb.com/bfs/dm/02"
"#ff2ce5""}"
ff2ce5&anim_type=2b115783368658721
",""mime"":""zip"",""resource"":""i0.hdslb.com/bfs/dm/02"
ff2ce5&anim_type=2b115783376029811
ff2ce5&anim_type=2b115783376808264
ff2ce5&anim_type=2b115783377338420
"#ff2ce5""}"
",""mime"":""zip"",""resource"":""i0.hdslb.com/bfs/dm/02"
",""mime"":""zip"",""resource"":""i0.hdslb.com/bfs/dm/02"
",""mime"":""zip"",""resource"":""i0.hdslb.com/bfs/dm/02"
ff2ce5&anim_type=2b115783384028319
"#ff2ce5""}"
ff2ce5&anim_type=2b115783385068502
",""mime"":""zip"",""resource"":""i0.hdslb.com/bfs/dm/02"
"#ff2ce5""}"
"#ff2ce5""}"
ff2ce5&anim_type=2b115783386898908
"#ff2ce5""}"
ff2ce5&anim_type=2b115783388022150
"76pԭx00{""id"":20014,""cid"":0,""advanc"
ff2ce5&anim_type=2b115783391583954
ff2ce5&anim_type=2b115783395668346
ff2ce5&anim_type=2b115783395928420
"96p俸x00{""id"":20014,""cid"":0,""advan"
ff2ce5&anim_type=2b115783396542473
",""mime"":""zip"",""resource"":""i0.hdslb.com/bfs/dm/02"
ff2ce5&anim_type=2b115783396828505
",""mime"":""zip"",""resource"":""i0.hdslb.com/bfs/dm/02"
",""mime"":""zip"",""resource"":""i0.hdslb.com/bfs/dm/02"
",""mime"":""zip"",""resource"":""i0.hdslb.com/bfs/dm/02"
"48pߞ00{""id"":20014,""cid"":0,""advanced_blo"
"40p00{""id"":20014,""cid"":0,""advanced_blo"
ff2ce5&anim_type=2b115783405616402
"#ff2ce5""}"
ff2ce5&anim_type=2b115783408472734
"92p۾00{""id"":20014,""cid"":0,""advanced"
",""mime"":""zip"",""resource"":""i0.hdslb.com/bfs/dm/02"
ff2ce5&anim_type=2b115783409487736
ff2ce5&anim_type=2b115783410209170
ff2ce5&anim_type=2b115783410337523
ff2ce5&anim_type=2b115783410413876
"96p׍00{""id"":20014,""cid"":0,""advance"
ff2ce5&anim_type=2b115783414400967
ff2ce5&anim_type=2b115783414494066
ff2ce5&anim_type=2b115783415676859
ff2ce5&anim_type=2b115783417034137
ff2ce5&anim_type=2b115783417826875
ff2ce5&anim_type=2b115783418913185
ff2ce5&anim_type=2b115783419214369
",""mime"":""zip"",""resource"":""i0.hdslb.com/bfs/dm/02"
",""mime"":""zip"",""resource"":""i0.hdslb.com/bfs/dm/02"
ff2ce5&anim_type=2b115783423708970
ff2ce5&anim_type=2b115783425079642
",""mime"":""zip"",""resource"":""i0.hdslb.com/bfs/dm/02"
ff2ce5&anim_type=2b115783427212039
",""mime"":""zip"",""resource"":""i0.hdslb.com/bfs/dm/02"
ff2ce5&anim_type=2b115783428827689
ff2ce5&anim_type=2b115783429031553
",""mime"":""zip"",""resource"":""i0.hdslb.com/bfs/dm/02"
ff2ce5&anim_type=2b115783430222710
ff2ce5&anim_type=2b115783432140351
"#ff2ce5""}"
ff2ce5&anim_type=2b115783434120062
ff2ce5&anim_type=2b115783437151697
",""mime"":""zip"",""resource"":""i0.hdslb.com/bfs/dm/02"
"72pЉ00{""id"":20014,""cid"":0,""advanced_"
"44p޻00{""id"":20014,""cid"":0,""advanced_b"
ff2ce5&anim_type=2b115783439454400
ff2ce5&anim_type=2b115783442856796
"#ff2ce5""}"
"76p00{""id"":20014,""cid"":0,""advanced_block"":0"
",""mime"":""zip"",""resource"":""i0.hdslb.com/bfs/dm/02"
",""mime"":""zip"",""resource"":""i0.hdslb.com/bfs/dm/02"
"#ff2ce5""}"
",""mime"":""zip"",""resource"":""i0.hdslb.com/bfs/dm/02"
",""mime"":""zip"",""resource"":""i0.hdslb.com/bfs/dm/02"
",""mime"":""zip"",""resource"":""i0.hdslb.com/bfs/dm/02"
",""mime"":""zip"",""resource"":""i0.hdslb.com/bfs/dm/02"
ff2ce5&anim_type=2b115783456363289
ff2ce5&anim_type=2b115783458789281
ff2ce5&anim_type=2b115783459084553
",""mime"":""zip"",""resource"":""i0.hdslb.com/bfs/dm/02"
",""mime"":""zip"",""resource"":""i0.hdslb.com/bfs/dm/02"
",""mime"":""zip"",""resource"":""i0.hdslb.com/bfs/dm/02"
"44pĕo00{""id"":20014,""cid"":0,""advanced_block"":0"
"#ff2ce5""}"
ff2ce5&anim_type=2b115783463368618
"72p00{""id"":20014,""cid"":0,""advance"
"16pӗ눓x00{""id"":20014,""cid"":0,""advanc"
",""mime"":""zip"",""resource"":""i0.hdslb.com/bfs/dm/02"
"#ff2ce5""}"
ff2ce5&anim_type=2b115783466339023
",""mime"":""zip"",""resource"":""i0.hdslb.com/bfs/dm/02"
ff2ce5&anim_type=2b115783467251733
",""mime"":""zip"",""resource"":""i0.hdslb.com/bfs/dm/02"
ff2ce5&anim_type=2b115783469729701
"#ff2ce5""}"
ff2ce5&anim_type=2b115783470680128
ff2ce5&anim_type=2b115783470716222
ff2ce5&anim_type=2b115783472095275
ff2ce5&anim_type=2b115783474797248
"#ff2ce5""}"
ff2ce5&anim_type=2b115783479326268
ff2ce5&anim_type=2b115783480474671
ff2ce5&anim_type=2b115783480474672
",""mime"":""zip"",""resource"":""i0.hdslb.com/bfs/dm/02"
",""mime"":""zip"",""resource"":""i0.hdslb.com/bfs/dm/02"
"#ff2ce5""}"
",""mime"":""zip"",""resource"":""i0.hdslb.com/bfs/dm/02"
ff2ce5&anim_type=2b115783482579360
",""mime"":""zip"",""resource"":""i0.hdslb.com/bfs/dm/02"
",""mime"":""zip"",""resource"":""i0.hdslb.com/bfs/dm/02"
",""mime"":""zip"",""resource"":""i0.hdslb.com/bfs/dm/02"
ff2ce5&anim_type=2b115783488444697
",""mime"":""zip"",""resource"":""i0.hdslb.com/bfs/dm/02"
",""mime"":""zip"",""resource"":""i0.hdslb.com/bfs/dm/02"
ff2ce5&anim_type=2b115783493252204
",""mime"":""zip"",""resource"":""i0.hdslb.com/bfs/dm/02"
",""mime"":""zip"",""resource"":""i0.hdslb.com/bfs/dm/02"
"#ff2ce5""}"
"#ff2ce5""}"
",""mime"":""zip"",""resource"":""i0.hdslb.com/bfs/dm/02"
",""mime"":""zip"",""resource"":""i0.hdslb.com/bfs/dm/02"
ff2ce5&anim_type=2b115783503163333
"#ff2ce5""}"
ff2ce5&anim_type=2b115783503711947
"#ff2ce5""}"
",""mime"":""zip"",""resource"":""i0.hdslb.com/bfs/dm/02"
"#ff2ce5""}"
ff2ce5&anim_type=2b115783509524422
ff2ce5&anim_type=2b115783512457066
"#ff2ce5""}"
ff2ce5&anim_type=2b115783515355368
"#ff2ce5""}"
",""mime"":""zip"",""resource"":""i0.hdslb.com/bfs/dm/02"
ff2ce5&anim_type=2b115783522706274
"24pܳ00{""id"":20014,""cid"":0,""advance"
",""mime"":""zip"",""resource"":""i0.hdslb.com/bfs/dm/02"
ff2ce5&anim_type=2b115783530716547
ff2ce5&anim_type=2b115783533385812
ff2ce5&anim_type=2b115783533527590
ff2ce5&anim_type=2b115783533808623
ff2ce5&anim_type=2b115783535550928
ff2ce5&anim_type=2b115783535871385
",""mime"":""zip"",""resource"":""i0.hdslb.com/bfs/dm/02"
ff2ce5&anim_type=2b115783536705173
",""mime"":""zip"",""resource"":""i0.hdslb.com/bfs/dm/02"
",""mime"":""zip"",""resource"":""i0.hdslb.com/bfs/dm/02"
",""mime"":""zip"",""resource"":""i0.hdslb.com/bfs/dm/02"
"#ff2ce5""}"
ff2ce5&anim_type=2b115783547589432
",""mime"":""zip"",""resource"":""i0.hdslb.com/bfs/dm/02"
",""mime"":""zip"",""resource"":""i0.hdslb.com/bfs/dm/02"
",""mime"":""zip"",""resource"":""i0.hdslb.com/bfs/dm/02"
",""mime"":""zip"",""resource"":""i0.hdslb.com/bfs/dm/02"
ff2ce5&anim_type=2b115783555052772
"64p00{""id"":20014,""cid"":0,""advance"
ff2ce5&anim_type=2b115783559982726
",""mime"":""zip"",""resource"":""i0.hdslb.com/bfs/dm/02"
",""mime"":""zip"",""resource"":""i0.hdslb.com/bfs/dm/02"
",""mime"":""zip"",""resource"":""i0.hdslb.com/bfs/dm/02"
ff2ce5&anim_type=2b115783564434566
ff2ce5&anim_type=2b115783565127464
ff2ce5&anim_type=2b115783565599772
",""mime"":""zip"",""resource"":""i0.hdslb.com/bfs/dm/02"
"#ff2ce5""}"
ff2ce5&anim_type=2b115783568268172
ff2ce5&anim_type=2b115783571518745
",""mime"":""zip"",""resource"":""i0.hdslb.com/bfs/dm/02"
"#ff2ce5""}"
"16p00{""id"":20014,""cid"":0,""advance"
ff2ce5&anim_type=2b115783579580231
ff2ce5&anim_type=2b115783581054914
",""mime"":""zip"",""resource"":""i0.hdslb.com/bfs/dm/02"
ff2ce5&anim_type=2b115783583160470
ff2ce5&anim_type=2b115783589065194
ff2ce5&anim_type=2b115783601061747
ff2ce5&anim_type=2b115783603000375
"#ff2ce5""}"
"#ff2ce5""}"
"64p00{""id"":20014,""cid"":0,""advance"
ff2ce5&anim_type=2b115783606300445
",""mime"":""zip"",""resource"":""i0.hdslb.com/bfs/dm/02"
"#ff2ce5""}"
"88pϾ00{""id"":20014,""cid"":0,""advanced_"
"#ff2ce5""}"
ff2ce5&anim_type=2b115783616313907
ff2ce5&anim_type=2b115783618343961
ff2ce5&anim_type=2b115783621569363
ff2ce5&anim_type=2b115783621855416
"#ff2ce5""}"
"#ff2ce5""}"
",""mime"":""zip"",""resource"":""i0.hdslb.com/bfs/dm/02"
",""mime"":""zip"",""resource"":""i0.hdslb.com/bfs/dm/02"
ff2ce5&anim_type=2b115783630039377
ff2ce5&anim_type=2b115783630991457
"48py00{""id"":20014,""cid"":0,""advanced"
"#ff2ce5""}"
",""mime"":""zip"",""resource"":""i0.hdslb.com/bfs/dm/02"
",""mime"":""zip"",""resource"":""i0.hdslb.com/bfs/dm/02"
"#ff2ce5""}"
"80px00{""id"":20014,""cid"":0,""advan"
"44p00{""id"":20014,""cid"":0,""advanced"
",""mime"":""zip"",""resource"":""i0.hdslb.com/bfs/dm/02"
",""mime"":""zip"",""resource"":""i0.hdslb.com/bfs/dm/02"
"80p{x00{""id"":20014,""cid"":0,""advanc"
",""mime"":""zip"",""resource"":""i0.hdslb.com/bfs/dm/02"
",""mime"":""zip"",""resource"":""i0.hdslb.com/bfs/dm/02"
ff2ce5&anim_type=2b115783649343223
"#ff2ce5""}"
",""mime"":""zip"",""resource"":""i0.hdslb.com/bfs/dm/02"
ff2ce5&anim_type=2b115783655949250
",""mime"":""zip"",""resource"":""i0.hdslb.com/bfs/dm/02"
",""mime"":""zip"",""resource"":""i0.hdslb.com/bfs/dm/02"
",""mime"":""zip"",""resource"":""i0.hdslb.com/bfs/dm/02"
"#ff2ce5""}"
"#ff2ce5""}"
",""mime"":""zip"",""resource"":""i0.hdslb.com/bfs/dm/02"
",""mime"":""zip"",""resource"":""i0.hdslb.com/bfs/dm/02"
",""mime"":""zip"",""resource"":""i0.hdslb.com/bfs/dm/02"
ff2ce5&anim_type=2b115783666153978
"#ff2ce5""}"
",""mime"":""zip"",""resource"":""i0.hdslb.com/bfs/dm/02"
ff2ce5&anim_type=2b115783670430500
",""mime"":""zip"",""resource"":""i0.hdslb.com/bfs/dm/02"
ff2ce5&anim_type=2b115783670909495
",""mime"":""zip"",""resource"":""i0.hdslb.com/bfs/dm/02"
ff2ce5&anim_type=2b115783675036676
ff2ce5&anim_type=2b115783676220318
ff2ce5&anim_type=2b115783680127760
ff2ce5&anim_type=2b115783681815507
"#ff2ce5""}"
"#ff2ce5""}"
"84pן00{""id"":20014,""cid"":0,""advanced_b"
",""mime"":""zip"",""resource"":""i0.hdslb.com/bfs/dm/02"
"32p클x00{""id"":20014,""cid"":0,""advan"
"96pݨ00{""id"":20014,""cid"":0,""advanced_blo"
",""mime"":""zip"",""resource"":""i0.hdslb.com/bfs/dm/02"
",""mime"":""zip"",""resource"":""i0.hdslb.com/bfs/dm/02"
ff2ce5&anim_type=2b115783693988254
ff2ce5&anim_type=2b115783696014908
ff2ce5&anim_type=2b115783699007973
"#ff2ce5""}"
ff2ce5&anim_type=2b115783701241858
"#ff2ce5""}"
"#ff2ce5""}"
ff2ce5&anim_type=2b115783703137676
"#ff2ce5""}"
ff2ce5&anim_type=2b115783706082951
",""mime"":""zip"",""resource"":""i0.hdslb.com/bfs/dm/02"
ff2ce5&anim_type=2b115783716572872
ff2ce5&anim_type=2b115783718617193
"20p00{""id"":20014,""cid"":0,""advanced_block"":0"
ff2ce5&anim_type=2b115783723034640
",""mime"":""zip"",""resource"":""i0.hdslb.com/bfs/dm/02"
",""mime"":""zip"",""resource"":""i0.hdslb.com/bfs/dm/02"
"88p00{""id"":20014,""cid"":0,""advanced_"
",""mime"":""zip"",""resource"":""i0.hdslb.com/bfs/dm/02"
",""mime"":""zip"",""resource"":""i0.hdslb.com/bfs/dm/02"
",""mime"":""zip"",""resource"":""i0.hdslb.com/bfs/dm/02"
"#ff2ce5""}"
ff2ce5&anim_type=2b115783736178734
"68p00{""id"":20014,""cid"":0,""advanced"
ff2ce5&anim_type=2b115783738253230
"#ff2ce5""}"
",""mime"":""zip"",""resource"":""i0.hdslb.com/bfs/dm/02"
ff2ce5&anim_type=2b115783740806731
ff2ce5&anim_type=2b115783742725202
ff2ce5&anim_type=2b115783747160258
",""mime"":""zip"",""resource"":""i0.hdslb.com/bfs/dm/02"
",""mime"":""zip"",""resource"":""i0.hdslb.com/bfs/dm/02"
"#ff2ce5""}"
",""mime"":""zip"",""resource"":""i0.hdslb.com/bfs/dm/02"
ff2ce5&anim_type=2b115783758411916
",""mime"":""zip"",""resource"":""i0.hdslb.com/bfs/dm/02"
"#ff2ce5""}"
"#ff2ce5""}"
ff2ce5&anim_type=2b115783768103295
"76pޮ00{""id"":20014,""cid"":0,""advanced"
ff2ce5&anim_type=2b115783773539944
ff2ce5&anim_type=2b115783775009620
ff2ce5&anim_type=2b115783776249450
"#ff2ce5""}"
ff2ce5&anim_type=2b115783783680930
",""mime"":""zip"",""resource"":""i0.hdslb.com/bfs/dm/02"
ff2ce5&anim_type=2b115783790017654
ff2ce5&anim_type=2b115783791100633
"84p00{""id"":20014,""cid"":0,""advanced"
",""mime"":""zip"",""resource"":""i0.hdslb.com/bfs/dm/02"
ff2ce5&anim_type=2b115783799638561
",""mime"":""zip"",""resource"":""i0.hdslb.com/bfs/dm/02"
"#ff2ce5""}"
ff2ce5&anim_type=2b115783800735780
"#ff2ce5""}"
ff2ce5&anim_type=2b115783811617480
",""mime"":""zip"",""resource"":""i0.hdslb.com/bfs/dm/02"
ff2ce5&anim_type=2b115783822691297
ff2ce5&anim_type=2b115783823762526
",""mime"":""zip"",""resource"":""i0.hdslb.com/bfs/dm/02"
",""mime"":""zip"",""resource"":""i0.hdslb.com/bfs/dm/02"
ff2ce5&anim_type=2b115783825703655
ff2ce5&anim_type=2b115783826740472
"12pɿ00{""id"":20014,""cid"":0,""advanced_blo"
ff2ce5&anim_type=2b115783828682428
",""mime"":""zip"",""resource"":""i0.hdslb.com/bfs/dm/02"
",""mime"":""zip"",""resource"":""i0.hdslb.com/bfs/dm/02"
",""mime"":""zip"",""resource"":""i0.hdslb.com/bfs/dm/02"
"#ff2ce5""}"
ff2ce5&anim_type=2b115783838283189
"#ff2ce5""}"
ff2ce5&anim_type=2b115783844209749
ff2ce5&anim_type=2b115783845305293
ff2ce5&anim_type=2b115783846155907
"#ff2ce5""}"
ff2ce5&anim_type=2b115783849420736
",""mime"":""zip"",""resource"":""i0.hdslb.com/bfs/dm/02"
ff2ce5&anim_type=2b115783851962505
"#ff2ce5""}"
",""mime"":""zip"",""resource"":""i0.hdslb.com/bfs/dm/02"
"#ff2ce5""}"
"16p00{""id"":20014,""cid"":0,""advance"
ff2ce5&anim_type=2b115783860472730
"#ff2ce5""}"
"#ff2ce5""}"
"64pܕ00{""id"":20014,""cid"":0,""advanced_"
"28p00{""id"":20014,""cid"":0,""advanced_blo"
",""mime"":""zip"",""resource"":""i0.hdslb.com/bfs/dm/02"
",""mime"":""zip"",""resource"":""i0.hdslb.com/bfs/dm/02"
",""mime"":""zip"",""resource"":""i0.hdslb.com/bfs/dm/02"
ff2ce5&anim_type=2b115783883029691
",""mime"":""zip"",""resource"":""i0.hdslb.com/bfs/dm/02"
",""mime"":""zip"",""resource"":""i0.hdslb.com/bfs/dm/02"
",""mime"":""zip"",""resource"":""i0.hdslb.com/bfs/dm/02"
",""mime"":""zip"",""resource"":""i0.hdslb.com/bfs/dm/02"
ff2ce5&anim_type=2b115783891549202
"#ff2ce5""}"
",""mime"":""zip"",""resource"":""i0.hdslb.com/bfs/dm/02"
ff2ce5&anim_type=2b115783898203878
",""mime"":""zip"",""resource"":""i0.hdslb.com/bfs/dm/02"
"#ff2ce5""}"
",""mime"":""zip"",""resource"":""i0.hdslb.com/bfs/dm/02"
",""mime"":""zip"",""resource"":""i0.hdslb.com/bfs/dm/02"
",""mime"":""zip"",""resource"":""i0.hdslb.com/bfs/dm/02"
",""mime"":""zip"",""resource"":""i0.hdslb.com/bfs/dm/02"
"#ff2ce5""}"
ff2ce5&anim_type=2b115783914027290
ff2ce5&anim_type=2b115783917402026
ff2ce5&anim_type=2b115783921728866
ff2ce5&anim_type=2b115783922237205
ff2ce5&anim_type=2b115783928745936
"#ff2ce5""}"
"#ff2ce5""}"
",""mime"":""zip"",""resource"":""i0.hdslb.com/bfs/dm/02"
",""mime"":""zip"",""resource"":""i0.hdslb.com/bfs/dm/02"
",""mime"":""zip"",""resource"":""i0.hdslb.com/bfs/dm/02"
ff2ce5&anim_type=2b115783952890893
ff2ce5&anim_type=2b115783956078537
"00px00{""id"":20014,""cid"":0,""advan"
"96pʎ(00{""id"":20014,""cid"":0,""advanced"
"#ff2ce5""}"
ff2ce5&anim_type=2b115783966775701
ff2ce5&anim_type=2b115783967852809
ff2ce5&anim_type=2b115783970305607
ff2ce5&anim_type=2b115783972854942
",""mime"":""zip"",""resource"":""i0.hdslb.com/bfs/dm/02"
ff2ce5&anim_type=2b115783975713744
ff2ce5&anim_type=2b115783983823019
ff2ce5&anim_type=2b115783987878103
ff2ce5&anim_type=2b115783997228869
"#ff2ce5""}"
",""mime"":""zip"",""resource"":""i0.hdslb.com/bfs/dm/02"
"#ff2ce5""}"
",""mime"":""zip"",""resource"":""i0.hdslb.com/bfs/dm/02"
"72p00{""id"":20014,""cid"":0,""advanced_blo"
ff2ce5&anim_type=2b115784018795982
",""mime"":""zip"",""resource"":""i0.hdslb.com/bfs/dm/02"
"64px00{""id"":20014,""cid"":0,""advanced_"
"#ff2ce5""}"
ff2ce5&anim_type=2b115784052028306
ff2ce5&anim_type=2b115784060879122
ff2ce5&anim_type=2b115784069922055
",""mime"":""zip"",""resource"":""i0.hdslb.com/bfs/dm/02"
"#ff2ce5""}"
ff2ce5&anim_type=2b115784077427303
",""mime"":""zip"",""resource"":""i0.hdslb.com/bfs/dm/02"
"72p玪00{""id"":20014,""cid"":0,""advanced"
"24pș00{""id"":20014,""cid"":0,""advanced_"
",""mime"":""zip"",""resource"":""i0.hdslb.com/bfs/dm/02"
",""mime"":""zip"",""resource"":""i0.hdslb.com/bfs/dm/02"
",""mime"":""zip"",""resource"":""i0.hdslb.com/bfs/dm/02"
ff2ce5&anim_type=2b115784102380089
"28pҼ00{""id"":20014,""cid"":0,""advanced_b"
",""mime"":""zip"",""resource"":""i0.hdslb.com/bfs/dm/02"
ff2ce5&anim_type=2b115784108046549
ff2ce5&anim_type=2b115784112268543
"#ff2ce5""}"
"64p״	00{""id"":20014,""cid"":0,""advanced"
ff2ce5&anim_type=2b115784123898538
"20pߎx00{""id"":20014,""cid"":0,""advanc"
",""mime"":""zip"",""resource"":""i0.hdslb.com/bfs/dm/02"
",""mime"":""zip"",""resource"":""i0.hdslb.com/bfs/dm/02"
ff2ce5&anim_type=2b115784132863409
ff2ce5&anim_type=2b115784135851454
ff2ce5&anim_type=2b115784139611214
ff2ce5&anim_type=2b115784141967573
",""mime"":""zip"",""resource"":""i0.hdslb.com/bfs/dm/02"
"#ff2ce5""}"
",""mime"":""zip"",""resource"":""i0.hdslb.com/bfs/dm/02"
"#ff2ce5""}"
",""mime"":""zip"",""resource"":""i0.hdslb.com/bfs/dm/02"
",""mime"":""zip"",""resource"":""i0.hdslb.com/bfs/dm/02"
"#ff2ce5""}"
"#ff2ce5""}"
ff2ce5&anim_type=2b115784159795917
",""mime"":""zip"",""resource"":""i0.hdslb.com/bfs/dm/02"
"00p̬ƹ00{""id"":20014,""cid"":0,""advance"
ff2ce5&anim_type=2b115784162963426
"#ff2ce5""}"
ff2ce5&anim_type=2b115784184900485
ff2ce5&anim_type=2b115784188884221
"#ff2ce5""}"
ff2ce5&anim_type=2b115784200604804
ff2ce5&anim_type=2b115784208835720
",""mime"":""zip"",""resource"":""i0.hdslb.com/bfs/dm/02"
"#ff2ce5""}"
ff2ce5&anim_type=2b115784230005187
ff2ce5&anim_type=2b115784232342242
ff2ce5&anim_type=2b115784233507430
ff2ce5&anim_type=2b115784235354619
"#ff2ce5""}"
"#ff2ce5""}"
"56p{00{""id"":20014,""cid"":0,""advanced_b"
",""mime"":""zip"",""resource"":""i0.hdslb.com/bfs/dm/02"
"44p00{""id"":20014,""cid"":0,""advanced_blo"
",""mime"":""zip"",""resource"":""i0.hdslb.com/bfs/dm/02"
ff2ce5&anim_type=2b115784298181944
",""mime"":""zip"",""resource"":""i0.hdslb.com/bfs/dm/02"
ff2ce5&anim_type=2b115784302455923
ff2ce5&anim_type=2b115784309988884
ff2ce5&anim_type=2b115784320545115
",""mime"":""zip"",""resource"":""i0.hdslb.com/bfs/dm/02"
ff2ce5&anim_type=2b115784326000229
",""mime"":""zip"",""resource"":""i0.hdslb.com/bfs/dm/02"
ff2ce5&anim_type=2b115784334919829
",""mime"":""zip"",""resource"":""i0.hdslb.com/bfs/dm/02"
",""mime"":""zip"",""resource"":""i0.hdslb.com/bfs/dm/02"
",""mime"":""zip"",""resource"":""i0.hdslb.com/bfs/dm/02"
ff2ce5&anim_type=2b115784361528481
ff2ce5&anim_type=2b115784361581343
ff2ce5&anim_type=2b115784364404958
",""mime"":""zip"",""resource"":""i0.hdslb.com/bfs/dm/02"
ff2ce5&anim_type=2b115784369759420
"#ff2ce5""}"
",""mime"":""zip"",""resource"":""i0.hdslb.com/bfs/dm/02"
",""mime"":""zip"",""resource"":""i0.hdslb.com/bfs/dm/02"
ff2ce5&anim_type=2b115784383873259
"#ff2ce5""}"
"#ff2ce5""}"
",""mime"":""zip"",""resource"":""i0.hdslb.com/bfs/dm/02"
"52px00{""id"":20014,""cid"":0,""advanced"
",""mime"":""zip"",""resource"":""i0.hdslb.com/bfs/dm/02"
",""mime"":""zip"",""resource"":""i0.hdslb.com/bfs/dm/02"
"#ff2ce5""}"
"04p00{""id"":20014,""cid"":0,""advanced_blo"
ff2ce5&anim_type=2b115784431767986
ff2ce5&anim_type=2b115784437457987
"56p00{""id"":20014,""cid"":0,""advanced_blo"
",""mime"":""zip"",""resource"":""i0.hdslb.com/bfs/dm/02"
",""mime"":""zip"",""resource"":""i0.hdslb.com/bfs/dm/02"
"#ff2ce5""}"
",""mime"":""zip"",""resource"":""i0.hdslb.com/bfs/dm/02"
ff2ce5&anim_type=2b115784466537944
ff2ce5&anim_type=2b115784482427636
ff2ce5&anim_type=2b115784493629776
",""mime"":""zip"",""resource"":""i0.hdslb.com/bfs/dm/02"
ff2ce5&anim_type=2b115784510034523
ff2ce5&anim_type=2b115784515659920
",""mime"":""zip"",""resource"":""i0.hdslb.com/bfs/dm/02"
"92p00{""id"":20014,""cid"":0,""advanced"
ff2ce5&anim_type=2b115784541842452
",""mime"":""zip"",""resource"":""i0.hdslb.com/bfs/dm/02"
"44p҃00{""id"":20014,""cid"":0,""advanced"
",""mime"":""zip"",""resource"":""i0.hdslb.com/bfs/dm/02"
ff2ce5&anim_type=2b115784551116063
ff2ce5&anim_type=2b115784554818822
",""mime"":""zip"",""resource"":""i0.hdslb.com/bfs/dm/02"
"#ff2ce5""}"
ff2ce5&anim_type=2b115784569736245
ff2ce5&anim_type=2b115784578492270
",""mime"":""zip"",""resource"":""i0.hdslb.com/bfs/dm/02"
ff2ce5&anim_type=2b115784580768116
"76p00{""id"":20014,""cid"":0,""advanced_blo"
"#ff2ce5""}"
",""mime"":""zip"",""resource"":""i0.hdslb.com/bfs/dm/02"
ff2ce5&anim_type=2b115784614288137
"#ff2ce5""}"
"#ff2ce5""}"
",""mime"":""zip"",""resource"":""i0.hdslb.com/bfs/dm/02"
"#ff2ce5""}"
",""mime"":""zip"",""resource"":""i0.hdslb.com/bfs/dm/02"
"#ff2ce5""}"
",""mime"":""zip"",""resource"":""i0.hdslb.com/bfs/dm/02"
"#ff2ce5""}"
ff2ce5&anim_type=2b115784667354499
ff2ce5&anim_type=2b115784673305367
",""mime"":""zip"",""resource"":""i0.hdslb.com/bfs/dm/02"
ff2ce5&anim_type=2b115784696272541
ff2ce5&anim_type=2b115784704941321
ff2ce5&anim_type=2b115784708401633
",""mime"":""zip"",""resource"":""i0.hdslb.com/bfs/dm/02"
"#ff2ce5""}"
",""mime"":""zip"",""resource"":""i0.hdslb.com/bfs/dm/02"
",""mime"":""zip"",""resource"":""i0.hdslb.com/bfs/dm/02"
"#ff2ce5""}"
ff2ce5&anim_type=2b115784755806513
"36p00{""id"":20014,""cid"":0,""advanced"
"#ff2ce5""}"
"#ff2ce5""}"
ff2ce5&anim_type=2b115784802859869
ff2ce5&anim_type=2b115784816562657
ff2ce5&anim_type=2b115784837811021
"#ff2ce5""}"
ff2ce5&anim_type=2b115784840468497
ff2ce5&anim_type=2b115784854245107
ff2ce5&anim_type=2b115784862647148
ff2ce5&anim_type=2b115784866297024
",""mime"":""zip"",""resource"":""i0.hdslb.com/bfs/dm/02"
",""mime"":""zip"",""resource"":""i0.hdslb.com/bfs/dm/02"
ff2ce5&anim_type=2b115784894031439
",""mime"":""zip"",""resource"":""i0.hdslb.com/bfs/dm/02"
ff2ce5&anim_type=2b115784966921754
"12p00{""id"":20014,""cid"":0,""advanced_block"":0"
ff2ce5&anim_type=2b115784993595000
",""mime"":""zip"",""resource"":""i0.hdslb.com/bfs/dm/02"
"#ff2ce5""}"
"#ff2ce5""}"
"#ff2ce5""}"
ff2ce5&anim_type=2b115785042847869
"68pҽ00{""id"":20014,""cid"":0,""advanced"
ff2ce5&anim_type=2b115785098455116
",""mime"":""zip"",""resource"":""i0.hdslb.com/bfs/dm/02"
ff2ce5&anim_type=2b115785132312374
"#ff2ce5""}"
"#ff2ce5""}"
",""mime"":""zip"",""resource"":""i0.hdslb.com/bfs/dm/02"
",""mime"":""zip"",""resource"":""i0.hdslb.com/bfs/dm/02"
"#ff2ce5""}"
"#ff2ce5""}"
"#ff2ce5""}"
",""mime"":""zip"",""resource"":""i0.hdslb.com/bfs/dm/02"
",""mime"":""zip"",""resource"":""i0.hdslb.com/bfs/dm/02"
ff2ce5&anim_type=2b115785227249640
"#ff2ce5""}"
ff2ce5&anim_type=2b115785238115378
"64p00{""id"":20014,""cid"":0,""advance"
"80p00{""id"":20014,""cid"":0,""advanced_"
ff2ce5&anim_type=2b115785303172406
",""mime"":""zip"",""resource"":""i0.hdslb.com/bfs/dm/02"
ff2ce5&anim_type=2b115785375537555
ff2ce5&anim_type=2b115785376314320
",""mime"":""zip"",""resource"":""i0.hdslb.com/bfs/dm/02"
",""mime"":""zip"",""resource"":""i0.hdslb.com/bfs/dm/02"
ff2ce5&anim_type=2b115785426781070
ff2ce5&anim_type=2b115785434241868
"#ff2ce5""}"
ff2ce5&anim_type=2b115785489036247
ff2ce5&anim_type=2b115785497991117
ff2ce5&anim_type=2b115785504779981
",""mime"":""zip"",""resource"":""i0.hdslb.com/bfs/dm/02"
"12p݀00{""id"":20014,""cid"":0,""advanced_blo"
ff2ce5&anim_type=2b115785567171937
ff2ce5&anim_type=2b115785615879555
",""mime"":""zip"",""resource"":""i0.hdslb.com/bfs/dm/02"
"#ff2ce5""}"
"#ff2ce5""}"
",""mime"":""zip"",""resource"":""i0.hdslb.com/bfs/dm/02"
ff2ce5&anim_type=2b115785995751798
",""mime"":""zip"",""resource"":""i0.hdslb.com/bfs/dm/02"
"80pջ00{""id"":20014,""cid"":0,""advance"
"68p00{""id"":20014,""cid"":0,""advanced_b"
"56pa00{""id"":20014,""cid"":0,""advanced"
",""mime"":""zip"",""resource"":""i0.hdslb.com/bfs/dm/02"
",""mime"":""zip"",""resource"":""i0.hdslb.com/bfs/dm/02"
",""mime"":""zip"",""resource"":""i0.hdslb.com/bfs/dm/02"
ff2ce5&anim_type=2b115786413345131
",""mime"":""zip"",""resource"":""i0.hdslb.com/bfs/dm/02"
"#ff2ce5""}"
",""mime"":""zip"",""resource"":""i0.hdslb.com/bfs/dm/02"
ff2ce5&anim_type=2b115786828972964
",""mime"":""zip"",""resource"":""i0.hdslb.com/bfs/dm/02"
",""mime"":""zip"",""resource"":""i0.hdslb.com/bfs/dm/02"
",""mime"":""zip"",""resource"":""i0.hdslb.com/bfs/dm/02"
ff2ce5&anim_type=2b115787204760775
",""mime"":""zip"",""resource"":""i0.hdslb.com/bfs/dm/02"
",""mime"":""zip"",""resource"":""i0.hdslb.com/bfs/dm/02"
",""mime"":""zip"",""resource"":""i0.hdslb.com/bfs/dm/02"
"76p$00{""id"":20014,""cid"":0,""advanced_block"":0"
"#ff2ce5""}"
ff2ce5&anim_type=2b115787789239570
",""mime"":""zip"",""resource"":""i0.hdslb.com/bfs/dm/02"
",""mime"":""zip"",""resource"":""i0.hdslb.com/bfs/dm/02"
"#ff2ce5""}"
"#ff2ce5""}"
"#ff2ce5""}"
ff2ce5&anim_type=2b115788434810033
ff2ce5&anim_type=2b115789362778839
"44p00{""id"":20014,""cid"":0,""advanced_blo"
ff2ce5&anim_type=2b115790493617722
ff2ce5&anim_type=2b115790749044137
"#ff2ce5""}"
"#ff2ce5""}"
ff2ce5&anim_type=2b115798175264857
"92pħU00{""id"":20014,""cid"":0,""advanced_block"":0"
",""mime"":""zip"",""resource"":""i0.hdslb.com/bfs/dm/02"
"#ff2ce5""}"
"#ff2ce5""}"
",""mime"":""zip"",""resource"":""i0.hdslb.com/bfs/dm/02"
",""mime"":""zip"",""resource"":""i0.hdslb.com/bfs/dm/02"
"#ff2ce5""}"
"#ff2ce5""}"
",""mime"":""zip"",""resource"":""i0.hdslb.com/bfs/dm/02"
ff2ce5&anim_type=2b115878133645083
ff2ce5&anim_type=2b117011842129659
""
