"Hey yeah, hey yeah"
前方高能
放心，已三连
汤姆这一集的手指都是按实际弹的
参见猫王
众所周知范伟是一种乐器
火钳刘明
拜见猫王
正常一点
ohhhhhhhhhhhh
战神归来
牛批
前方核能，非战斗人员请迅速撤离
白嫖失败
下次丕定
白嫖失败
弹*325
吹*28
牛逼
火钳刘明
好活
电话：我*******
白嫖失败
唢呐！永远滴神！
NB
眯眯眼都是怪物
好活当赏
辛苦乐
黄金矿工不请自来
前方高能
当代理查德
我晕了
奈何本人没文化，一句卧槽行天下
哟，这年轻人
6666
666
今天成了汤姆的主场
攒了两天的币就这么没了(doge)
哦豁！有内味了
李永乐老师的鬼畜。
你币有了
三连？不是早该交了吗
牛逼
感谢计数君
好活儿
前方刘能
三连奉上
居然拿原曲糊弄我
中外合拍
进军音乐区!
闹腾玩
女少口阿
前方高能
猫王
666666
666
无敌的白嫖之星快想想办法
白嫖失败
2333
▄█▀█●▂▃▄▅▆▅▄▃▂▂▃▄▅▆▅▄▃▂▂▃▄▅▆▅▄▃▂▃▄▅▆▅▄▃▂▂▃▄▅▆▅▄▃▂▂▃▄▅▆▅▄▃▂▂▃▄▅▆▅▄▃▂▂▃▄▅▆▅▄▃▂▂▃▄▅▆▅▄▃▂▃▄▅▆▅▄▃▂▂▃
我愿称之为好活
OHHHHHHHHHHHHHH
泪目
海绵宝宝 首出现
武林外传 首出现
惊得我手机砸脸上了
下次一定
吸血怎么说，吸血
我要这硬币有何用处
三连成功
电话*16
好活
张宇哥的梦想成真了。
nbnbnbnbnbnbnbnbnbnbnbnbnbbnvnvnvnvnbnbmbmmbnbbnnbnbnb
好活当赏
文艺复兴
这次一定
汤姆的指头都对上了
这次一定
计数君挂了
我要这币有何用
没有我汤姆不会弹的曲子
电话*87
猫王排面！！！
电话*116
牛掰
镇   站   之   宝
电话*128
太强了
感谢计数君
电话*145
牛逼
梦幻联动
欢迎回来
起飞哎飞
这次一定
张飞进入直播间
泔霖呐！我告诉你香菇怎么叫，咕咕咕咕咕咕咕咕咕咕咕咕咕咕咕咕咕咕
好活，好活啊！
爷青回
6666
火钳刘明 火钳刘明 火钳刘明 火钳刘明 火钳刘明
你币有了
禁忌二重奏
表白计数君QWQ
秒啊
超爱这首电音的！
梦幻联动
明天一定
范迟但到
惊天联动
古装音乐两巨头
众神归位！！！！
整活
漫长的三分钟
全体起立！
白嫖失败
三连了
喵帕斯
三连了
火钳刘敏
您的好友【暂七师军乐队】已上线
跨越时间空间次元的合奏
绝了
老传统技艺了
ohhhhhhhhhhhh
这是秀的起飞啊6666
下次一定
火钳刘明
狂妄之冰。
原来的味道
nb
电话*152
梦幻联动
电话*159
白嫖失败
电话*172
电话*175
电话*176
电话*93
电话*180
电话*181
◤◢◤◢◤◢◤◢◤◢◤◢◤◢◤◢◤◢◤◢前方高能◤◢◤◢◤◢◤◢◤◢◤◢◤◢◤◢◤◢◤◢
给爷火！！！
表白计数君
ggg
电话*187
文艺复兴
电话*190
你币有了
好活
文艺复兴
众神归位!
电话*219
nb
文艺复兴
               恭喜发现宝藏
这次一定
666
给我投！
这就是B站！！！bilibili- ( ゜- ゜)つロ 乾杯~ 
白嫖失败
计数君NB
文艺复兴
梦幻联动
感谢计数
文艺复兴
白嫖失败
火钳刘明
文艺复兴
开头就不简单
好活当赏
ohhhhhhhhhhhhhhhhhhhhhhhhh
敲钉子*2下
敲钉子*7下
电话：不至于，哥
敲钉子*24下
弹钢琴*5
弹钢琴*7
白嫖失敗
爷青回
问：派大星一共砸了多少次电话
敲钉子*41下
白嫖失败
敲钉子*46下
"Hey ya, hey ya"
我要这币有何用？
去吧，硬币
全体起立!!!
你币有了
白嫖失败
敲钉子*52下
敲钉子*57下
牛就完了
紫色牛逼
这次一定
牛壁
这次一定
敲钉子*74下
敲钉子*78下
Ay ya
你火了
感谢计数君
计数np!!!!!
敲钉子*88下
敲钉子*95下
敲钉子*98下
首页通知书
ohhhhhhhhhhhhhhh
这剪辑辛苦
表白下方计数菌~
辛苦了！
拔电话x38
上热门啦加油
666666
你就像我一样是个流浪者
钉子:wdnmd
拔电话x43
短 笛 大 魔 王 
谁又不是说这是最后一场狂欢呢？
这才是鬼畜！！！
爷青回！！！
那个男人他会来吗？
请把下面让给记数君
众神归位
拔 电 话x53
数钉子的6666
敲钉子*121下
爷的青春回来了
敲钉子*131下
敲钉子*134下
敲钉子*136下
绝了
下次再嫖
这次一定
电脑真好，这都不炸
这就是B站！！！bilibili- ( ゜- ゜)つロ 乾杯~ 
大威天龙
敲钉子*139下
敲钉子*150下
拔电话x72 拔电话x73 拔电话x74
我币没了
全体起立！向计数君致以最高的敬意！！！
敲钉子*155下
拔电话x109 拔电话x110
敲钉子*159下
666
敲钉子*170下
><><>
这币值了
哈哈哈哈哈哈
计数的nb
爷青回
敲钉子*187下
敲钉子*196下
敲钉子*201下
6
你币有了
好活当赏
好活
盲猜计数君当场阵亡了
Ohhhhhhhhhh
三连
哔哩哔哩干杯
百 家 争 鸣
这次一定
计数君牛逼
666666
讲真，还不错
计数君nb
大写的nb
火钳刘明
敲钉子*215下
这次肯定。
这次一定
敲钉子*224下
看得我热血沸腾！！！
ヽ(✿ﾟ▽ﾟ)ノ
你币有了
众神归位
手麻了
6666
厉害
这次一定
敲钉子*241下
敲钉子*248下
敲钉子*250下
啊啊啊啊啊啊
得诸葛琴士得天下到2020年
666
好
牛牛牛
1
这次一定
计数君辛苦了
爷青回
。。。。。。
敲钉子*258下
辛苦
敲钉子*260下
敲钉子*262下
阿姆斯特朗回旋加速喷气式阿姆斯特朗炮
斗宗强者竟恐怖如斯
这次一定
计数君的黄昏
666
ohhhhhhhhhhhhhhhhhh\
计数君撑住
敲钉子*289下
高级弹幕合影
敲钉子*307下
np
bilibili- ( ゜- ゜)つロ 乾杯~ 
下次一定白嫖
敲钉子*316下
喵帕斯！！爷青回
敲钉子*323下
敲钉子*330下
666666
爷青回
爷青回
bilibili- ( ゜- ゜)つロ 乾杯~
好活！
敲钉子*337下
佩服佩服
这才叫鬼畜
这可太牛批了
回到从前
敲钉子*351下
敲钉子*354下
下次再嫖
大脑在颤抖
这是人才↑
下次一定
敲钉子*368下
白嫖失败
敲钉子*373下
gggggggggggggggggggggggg
蕾姆
众神归位
草，这次一定
bilibili- ( ゜- ゜)つロ 乾杯~
敲钉子*391下
哟噢噢噢哦哦
七连，诛天灭地
计数君nb
敲钉子*393下
敲钉子*399下
响指
敲钉子*408下
666
在此，感谢计数菌！
计数君牛逼
拿去
都回来了
6666
计数君nb
文艺复兴
没有我燕小六不会吹风曲子
敲钉子*413下
敲钉子*414下
呼呼呼
敲钉子*424下
敲钉子*425下
敲钉子*435下
敲钉子*436下
啊啊啊啊啊
厉害
敲钉子*442下
计数君牛逼！！！！！！！！！！！！！！！！！！！！！！！！！！！！！！！！！！！！！！！！！！！！！！！！！！！！！！！！！！！！！！
哈哈哈哈哈
敲钉子*454下
敲钉子*456下
即将超神
666666
意犹未尽
666666
◥◣◥◣◥◣◥◣◥◣◥◣◥◣◥◣◥◣◥◣◥◣◥◣◥◣◥◣◥◣◥◣◥◣◥◣◥◣◥◣◥◣◥◣◥◣◥◣◥◣◥◣◥◣◥◣◥◣◥◣◥◣◥◣◥◣◥◣◥◣◥◣◥◣◥◣◥◣◥◣ 
bilibili- ( ゜- ゜)つロ 乾杯~
梦幻联动
没有我诸葛亮弹不了的曲
woc一键三连
全场最佳：计数君
1把
现已经加入豪华套餐
留名留名
可恶啊
火钳刘明
cao，计数君真的niub
我从未见过如此6之人
白嫖失败
计数君当场去世
你最好知道你去往何处
，mkk
敲钉子*465下
计数君牛逼
文艺复兴
乾杯 []~（￣▽￣）~*
计数君已阵亡
爷青回
bilibili- ( ゜- ゜)つロ 乾杯~
敲钉子*488下
敲钉子*491下
敲钉子*500下
鬼畜看到一个点一个赞
哔哩哔哩-(゜-゜)つロ乾杯~
太强了
NBNBNBNBNBNBNBNBNBNB
计数君赛高
敲钉子*529下
拔刀吧，音乐区！
466
467
敲钉子*533下
喵帕次
这次一定
x489
计数君牛逼
哈哈哈哈哈哈哈哈哈哈
哈哈哈哈
bilibili- ( ゜- ゜)つロ 乾杯~ 
混入其中
6666
bilibili- ( ゜- ゜)つロ 乾杯~
bilibili- ( ゜- ゜)つロ 乾杯~ 
bilibili- ( ゜- ゜)つロ 乾杯~ 
你币有了
好活
牛逼
▄▅▆▇█▇▆▅▅▆▇█▇▆▅▄▄▅▆▇█▇▆▅▅▆▇█▇▆▅▄▄▅▆▇█▇▆▅▆▇█▇▆▅▄▄▅▆▇█▇▆▅▅▆▇█▇▆▅▄▄▅▆▇█▇▆▅▅▆▇█▇▆▅▄▄▅▆▇█▇▆▅▅▆▇█▇▆▅▄▄▅▆▇
这次一定！
这次一定
鬼畜区音乐家图鉴
bilibili- ( ゜- ゜)つロ 乾杯~
bilibili- ( ゜- ゜)つロ 乾杯~
bilibili- ( ゜- ゜)つロ 乾杯~
哔哩哔哩乾杯
啊啊啊啊啊啊啊啊啊啊啊啊啊啊啊啊啊啊啊啊啊啊啊啊啊啊啊啊啊啊啊啊啊啊啊啊啊啊啊啊啊啊啊啊啊啊啊啊啊啊啊啊啊啊啊啊啊啊啊啊啊啊啊啊啊啊啊啊啊啊啊啊啊啊啊啊啊啊啊啊啊啊啊啊啊啊啊啊啊啊啊啊啊啊啊啊啊啊啊啊
优秀，优秀
诸葛孔明
计数君nb
哈哈哈哈哈哈哈
6
佟湘玉：真当我死咧？！
竟然毫无违和感
得得得得得得得得
哔哩哔哩干杯
这次一定
乾杯
希望计数君没事
好听
好活当赏！
计数君起飞了
vivo的调音师是你吗
牛B啊
这次一定
排面
哔哩哔哩 ( ゜- ゜)つロ 乾杯~ 
混响
ohhhhhhhhhhhhhhhh
bilibili- ( ゜- ゜)つロ 乾杯~ 
淦，看哭了
强
bilibili- ( ゜- ゜)つロ 乾杯~ 
牛批之处
哔哩哔哩-(゜-゜)つロ乾杯~
拔剑吧音乐区
这次一定
砸钉子*37
砸钉子*50
砸钉子*51
bilibili- ( ゜- ゜)つロ 乾杯~
你币有了
砸钉子*72
怎一个流畅了得
Up辛苦了
此物天下绝响！
这次一定
这个就叫惊喜。
三连干嘛，愣着啊
NB！
拔剑吧!音乐区
首页
好久没有看到计数君了
太特么牛批了
你币有了
bilibili- ( ゜- ゜)つロ 乾杯~
计数君辛苦了
捕捉神级计数君
计数了，辛苦君！
bilibili干杯！
下次不一定
妙 妙啊
敲钉子*102
敲钉子*106
喵帕次喵帕次
敲钉子*113
敲钉子*115
敲钉子*118
敲钉子*122
电脑震了
敲钉子*123
danmuzengjiahaokuai
文艺复兴
参见丞相
无敌了
awsl
白嫖失败
排面
敲钉子*150
这次一定
敲钉子*160
你币有了
梦幻联动
nb
文艺复兴
bilibili- ( ゜- ゜)つロ 乾杯~
合声完美
敲钉子*173
……
火钳刘明
白嫖失败
锤子：wtm
66666
敲钉子*182
敲钉子*183
汤姆唢呐历险记
_鬼才。
诸葛琴魔
哔哩哔哩-(゜-゜)つロ乾杯~
泪目
众神归位   众神归位   众神归位 
郭德纲 郭德纲 郭德纲~
三连，必须三连
李永乐老师！他讲课超有趣的
怎一个妙字了得
bilibili- ( ゜- ゜)つロ 乾杯~ 
bilibili- ( ゜- ゜)つロ 乾杯~ 
敲钉子*180
建议拔剑音乐区
nbwc
一般，普通
bilibili- ( ゜- ゜)つロ 乾杯~
bilibili- ( ゜- ゜)つロ 乾杯~
bilibili- ( ゜- ゜)つロ 乾杯~
妙啊
敲钉子*202
敲钉子*210
bilibili- ( ゜- ゜)つロ 乾杯~ 
接着奏乐接着舞
跨次元音乐
bilibili- ( ゜- ゜)つロ 乾杯~
精妙绝伦！
敲钉子*215
bilibili- ( ゜- ゜)つロ 乾杯~
火钳刘明
妈妈问我为什么跪着看视频
哔哩哔哩-(゜-゜)つロ乾杯~乾杯
敲钉子*242
感觉又回到了曾经
计数君！！！！
你币有了
我要这币有何用
计数君复活了！ohhhhhhhhh
666
bilibili- ( ゜- ゜)つロ 乾杯~.
bilibili- ( ゜- ゜)つロ 乾杯~
计数菌牛壁！
少女口牙
我手机动了！！！！
bilibili- ( ゜- ゜)つロ 乾杯~
文艺复兴
厉害了
bilibili- ( ゜- ゜)つロ 乾杯~
哔哩哔哩-(゜-゜)つロ乾杯~乾杯 []~（￣▽￣）~*
计数君已经死亡
再来亿遍
bilibili- ( ゜- ゜)つロ 乾杯~
bilibili- ( ゜- ゜)つロ 乾杯~
666
做了几年了
哔哩哔哩(゜-゜)つロ 干杯~-bilibili
bilibili- ( ゜- ゜)つロ 乾杯~
bilibili- ( ゜- ゜)つロ 乾杯~
火钳刘明
下次也不一定，这次就行
拉电话*5
跨维打击
bilibili- ( ゜- ゜)つロ 乾杯~
干杯
还是这么鬼畜
nb！！
？？？
bilibili- ( ゜- ゜)つロ 乾杯~
bilibili- ( ゜- ゜)つロ 乾杯~ 
拉电话*46
三联有了
白嫖失败
666666
6666
拉电话*52
绝了
喂！手机一直在震动是坏了吗？
我以为我手机坏了，它在震动
握草666
妙啊
这次一定
你币有了
bilibili- ( ゜- ゜)つロ 乾杯~
1170
bilibili- ( ゜- ゜)つロ 乾杯~
爷的青春啊！
up，头发没掉光吧（哭泣））
猫王必须有排面直接三连
你会不会觉得我很菜
bilibili- ( ゜- ゜)つロ 乾杯~
鬼畜演唱会
biIbilibili- ( ゜- ゜)つロ 乾杯~
敲钉子*
bilibili- ( ゜- ゜)つロ 乾杯~
敲钉子*30
敲钉子*42
bilibili- ( ゜- ゜)つロ 乾杯~
bilibili- ( ゜- ゜)つロ 乾杯~
这简直就是妙蛙种子吃了妙脆角进了米奇妙妙屋妙到家了
人才辈出
哔哩哔哩-(゜-゜)つロ乾杯~哔哩哔哩-(゜-゜)つロ乾杯~
弹*2
诸葛琴魔
这计数君能扛住??
牛
bilibili-  (゜-゜)つロ 干杯~
哔哩哔哩-(゜-゜)つロ乾杯~
先赞为敬
bilibili- ( ゜- ゜)つロ 乾杯~
敲钉子*180
有点意思
得得得得得得得得得得得得得
敲钉子*240
敲钉子*250
bilibili- ( ゜- ゜)つロ 乾杯~
bilibili- ( ゜- ゜)つロ 乾杯~ 
哈哈哈哈哈哈哈哈哈哈哈哈哈混入了个什么东西
文艺复兴
Every color bleeds into the same
这次一定
bilibili- ( ゜- ゜)つロ 乾杯~
三连了
bilibili - ( ゜- ゜)つロ 乾杯~
6啊，你能不能给整个欢快点儿的？
爱了爱了
bilibili- ( ゜- ゜)つロ 乾杯~
bilibili- ( ゜- ゜)つロ 乾杯~
bilibili- ( ゜- ゜)つロ 乾杯~
bilibili- ( ゜- ゜)つロ 乾杯~
bilibili- ( ゜- ゜)つロ 乾杯~
bilibili- ( ゜- ゜)つロ 乾杯~
bilibili- ( ゜- ゜)つロ 乾杯~
bilibili- ( ゜- ゜)つロ 乾杯~
众神归位
bilibili- ( ゜- ゜)つロ 乾杯~
bilibili- ( ゜- ゜)つロ 乾杯~
白嫖失败
白嫖
我就想知道原音乐作者看到了会怎样
计数菌NB
bilibili- ( ゜- ゜)つロ 乾杯~
感谢计数
hhhhhhh
66666
喵帕斯～
哈哈哈哈哈哈哈哈哈爱了
哔哩哔哩干杯
我的天牛批
真绝了！牛
bilibili- ( ゜- ゜)つロ 乾杯~bilibili- ( ゜- ゜)つロ 乾杯~bilibili- ( ゜- ゜)つロ 乾杯~
弹幕君已崩溃。
史诗杰作
bilibili- ( ゜- ゜)つロ 乾杯~
我的手机在震
唢呐一吹，爹娘白养
bilibili- ( ゜- ゜)つロ 乾杯~ 
哔哩哔哩-(゜-゜)つロ乾杯~
计数菌已阵亡
排面
bilibili- ( ゜- ゜)つロ 乾杯~
参见猫王
计数君MVP
计数君阵亡
Yeah you better know where you're going
秒啊
bilibili- ( ゜- ゜)つロ 乾杯~ 
请收下我的膝盖
众神归位
这次一定！！！！
bilibili- ( ゜- ゜)つロ 乾杯~
众神归位
哔哩哔哩-(゜-゜)つロ乾杯~
计数君已登极乐
直接66666
Yeah you're know where you're going
众神归位
bilibili- ( ゜- ゜)つロ 乾杯~
三连了！！
bilibili- ( ゜- ゜)つロ 乾杯~
牛批
666
永乐大典
bilibili乾杯 []~（￣▽￣）~*
已三连
钉钉钉钉钉钉钉钉钉钉钉钉钉钉
爷攒的400多个币勉为其难的投个吧
？
电锯狂魔
bilibili - ( ゜- ゜)つロ 乾杯~
bilibili- ( ゜- ゜)つロ 乾杯~
哔哩哔哩-(゜-゜)つロ乾杯~
bilibili- ( ゜- ゜)つロ 乾杯~
可把加菲猫累完了
视频还能加震动？
bilibili- ( ゜- ゜)つロ 乾杯~
bilibili- ( ゜- ゜)つロ 乾杯~
bilibili- ( ゜- ゜)つロ 乾杯~
我要这币有何用！！！
                   这次一定
你放错区了，这应该是音乐区的视频
bilibili干杯～
开炮
恭喜你发现了宝藏
你在这屈才了啊
恭喜你发现了宝藏
今夜封神榜
bilibili- ( ゜- ゜)つロ 乾杯~
我感觉我手机在震动，声音很小，但是手机在震动，在颤抖
和哈哈哈哈哈哈哈哈哈哈或或或
bilibili- ( ゜- ゜)つロ 乾杯~
OHHHHHHHHHHHHHHHHHHHHHHHHHH
哔哩哔哩干杯
bilibili- ( ゜- ゜)つロ 乾杯~
请收下我的膝盖
哔哩哔哩-(゜-゜)つロ乾杯~
bilibili- ( ゜- ゜)つロ 乾杯~
真的没有蕉迟但到吗？
下次一定
哇，这个流啤
哈哈哈哈
不想白嫖
bilibili- ( ゜- ゜)つロ 乾杯~
哔哩哔哩-(゜-゜)つロ乾杯~
MVP  汤姆
这次一定
bilibili- ( ゜- ゜)つロ 乾杯~
这肝的是头发啊
表白计数菌！
bilibili干杯(◦˙▽˙◦)
你币有了
hey ya hey ya
众神归位
Yeah You Better Know Where You
bilibili- ( ゜- ゜)つロ 乾杯~
bilibili- ( ゜- ゜)つロ 乾杯~
漫长的三分钟
哔哩哔哩-(゜-゜)つロ乾杯~哔哩哔哩-(゜-゜)つロ乾杯~哔哩哔哩-(゜-゜)つロ乾杯~哔哩哔哩-(゜-゜)つロ乾杯~哔哩哔哩-(゜-゜)つロ乾杯~哔哩哔哩-(゜-゜)つロ乾杯~
bilibili- ( ゜- ゜)つロ 乾杯~
众所周知，范伟是乐器
白嫖失败
啊，不行了，我耳朵没了
厉害了
bilibili- ( ゜- ゜)つロ 乾杯~
卧槽啊啊啊啊啊啊啊啊啊
技术活啊！
111111    
bilibili
妙啊
这次一定
起飞
众神归位！活好当赏！
这次一定
牛13
太厉害哦
bilibili- ( ゜- ゜)つロ 乾杯~
哔哩哔哩干杯
哔哩哔哩乾杯 []~（￣▽￣）~*
找回了当初看鬼畜的感动
泪目
这次不一定
牛逼
bilibili- ( ゜- ゜)つロ 乾杯~
bilibili- ( ゜- ゜)つロ 乾杯~
我的人生就是一个人
这次一定
白嫖失败
建议改成：梦幻联动之鬼畜全名星
好 活
bilibili- ( ゜- ゜)つロ 乾杯~
6666666
干杯！
史诗级联动
史  诗  联  动
我的天，这个太厉害了！！！
无缝衔接
bilibili- ( ゜- ゜)つロ 乾杯~
好久不见，计数君
2倍速牛逼兄弟们
这次一定
走起
这次一定
白嫖失败了吗
哔哩哔哩-(゜-゜)つロ乾杯~
战神：归来！
bilibili——(  °— °)フロ乾杯
音乐区拔刀吧 
这次一定
bilibili- ( ゜- ゜)つロ 乾杯~
敲*15
范乐器
妙妙妙妙妙妙妙妙妙妙妙妙妙妙妙妙妙
大艺术家
牛壁
这次一定
bilibili干杯
没有我汤姆猫哥不会的曲子
前面耳朵没的可还行
小六C位
哈哈哈哈哈
6666
哈哈哈哈
妙啊白嫖失败
bilibili——(  °— °)フロ乾杯
bilibili- ( ゜- ゜)つロ 乾杯~
你币有了
bilibili乾杯 []~（￣▽￣）~*
这次一定
bilibili- ( ゜- ゜)つロ 乾杯~
三连了，三连了，牛逼。
bilibili-  ( ゜- ゜)つロ 乾杯~
汤姆除了抓老鼠啥都会
bilibili- ( ゜- ゜)つロ 乾杯~
感谢计数君
哔哩哔哩 []~（￣▽￣）~*干杯
Every color bleeds into the same
哔哩哔哩-(゜-゜)つロ乾杯~
三连了三连了
太强了
这次一定
哔哩哔哩 - ( ゜- ゜)つロ 乾杯~
妙啊
恭喜你白嫖失败
np
哈哈 那都少不了亮剑啊
牛逼！
如此流畅的鬼畜实属精品
哔哩哔哩-(゜-゜)つロ乾杯~
哔哩哔哩乾杯[]~(￣▽￣)~*
野生的计数君呢？
666
计数君已阵亡
众神归位
白嫖失败
参见猫王
哔哩哔哩 - ( ゜- ゜)つロ 乾杯~
妙啊
【汤姆敲钢琴x4】
【汤姆敲钢琴x11】
接电话*48
【汤姆敲钢琴x31】
敲钉子*72
敲钉子*80
敲钉子*90
哔哩哔哩-(゜-゜)つロ乾杯~
敲钉子*110
接电话*60
你们的字幕怎么能停在中间不动的
【汤姆敲钢琴x45】
接电话*75
接电话*77
泪目
敲钉子*120
妙啊
bilibili- ( ゜- ゜)つロ 乾杯~
我要这币有何用
666 白嫖失败
鬼畜永不死！
对上了对上了
史诗级联奏
接电话*86
接电话*88
接电话*93
泪目
敲钉子*130
yeah You better know where You're going
敲钉子*140
敲钉子*141
333
白嫖中……失去同步。三连成功
海绵宝宝排面
NB
敲钉子*150
敲钉子*155
我币没了呜呜呜
敲钉子*160
敲钉子*170
敲钉子*175
牛的一批
挂电话*16
哔哩哔哩 - ( ゜- ゜)つロ 乾杯~
挂电话*23
敲钉子*180
敲钉子*190
敲钉子*193
敲钉子*194
就没有我汤姆猫不会弹的钢琴
哔哩哔哩 - ( ゜- ゜)つロ 乾杯~
▄▅▆▇█▇▆▅▄▄▅▆▇█▇▆▅▄▄▅▆▇█▇▆▅▄▄▅▆▇█▇▆▅▄▄▅▆▇█▇▆▅▄▄▅▆▇█▇▆▅▄▄▅▆▇█▇▆▅▄▄▅▆▇█▇▆▅▄▄▅▆▇█▇▆▅▄▄▅▆▇█▇▆▅▄▄▅▆▇█▇▆▅▄
bilibili- ( ゜- ゜)つロ 乾杯~
敲钉子*200
敲钉子*201
敲钉子*204
敲钉子*205
敲钉子*210
敲钉子*213
敲钉子*220
敲钉子*221
哔哩哔哩乾杯 []~（￣▽￣）~*
挂电话*53
敲钉子*229
bilibili- ( ゜- ゜)つロ 乾杯~
敲钉子*230
挂电话*57
挂电话*62
挂电话*70
我与曹操还是不一样的！
敲钉子*239
得得得得得得得得得得得得得得得得得得得得得得得得得
开炮
挂电话*74
好活
挂电话*77
敲钉子*240
敲钉子*248
敲钉子*250
bilibili——(  °— °)フロ乾杯
哔哩哔哩乾杯 []~（￣▽￣）~*
敲钉子*260
敲钉子*270
挂电话*103
哔哩哔哩 - ( ゜- ゜)つロ 乾杯~
牛壁
6666
nb
这次一定
bilibili
哔哩哔哩-(゜-゜)つロ乾杯~
哔哩哔哩-(゜-゜)つロ乾杯~
文艺复兴
众神归位
敲钉子*275
敲钉子*280
敲钉子*290
敲钉子*300
三连了
敲钉子*303
众神归位
今日一小伙...
这次一定
好活当赏
敲钉子*310
敲钉子*314
敲钉子*320
敲钉子*323
敲钉子*329
敲钉子*330
这次一定
哔哩哔哩(゜-゜)つロ 干杯~-bilibili
敲钉子*340
唢呐一响
敲钉子*346
嘿~YA~hey~鸭~
哔哩哔哩- ( ゜- ゜)つロ 乾杯~
火钳刘明
敲钉子*354
有当时bilibili那味了
敲钉子*360
敲钉子*364
决一死战吧音乐区！
敲钉子*370
敲钉子*375
敲钉子*379
敲钉子*380
计数菌阵亡
OHHHHHHHHHHHHHHHHH
敲钉子*382
敲钉子*388
敲钉子*390
敲钉子*392
音乐联盟
文艺复兴
敲钉子*396
敲钉子*398
敲钉子*400
敲钉子*408
敲钉子*410
白嫖成功
骑兵连，冲锋！！！！！！！！
哔哩哔哩-(゜-゜)つロ乾杯~哔哩哔哩-(゜-゜)つロ乾杯~哔哩哔哩-(゜-゜)つロ乾杯~哔哩哔哩-(゜-゜)つロ乾杯~
敲钉子*420
敲钉子*423
敲钉子*430
敲钉子*433
计数菌辛苦了
敲钉子*438
敲钉子*439
敲钉子*440
敲钉子*443
敲钉子*450
一个字，绝！
计数君NB
众神归位
敲钉子*460
敲钉子*463
敲钉子*466
白嫖失败
你币有了
bilibili- ( ゜- ゜)つロ 乾杯~
这次一定
计数君nb
火钳刘明
唢呐一吹，灵魂起飞！
爷青回
挂电话，我让你挂电话，挂电话，挂电话
bilibili- ( ゜- ゜)つロ 乾杯~
表白计数菌
我汤姆稳站C位
哔哩哔哩乾杯 []~（￣▽￣）~*
泪目
我似乎体会到了奥比克的感受
哔哩哔哩 - ( ゜- ゜)つロ 乾杯~
。
冲冲冲
扛不住了 白嫖失败
额
钉钉子*21
钉钉子*30
唢呐：音乐节的流氓
这次一定三连
bilibili- ( ゜- ゜)つロ 乾杯~
bilibili- ( ゜- ゜)つロ 乾杯~
bilibili- ( ゜- ゜)つロ 乾杯~
bilibili- ( ゜- ゜)つロ 乾杯~
哔哩哔哩 - ( ゜- ゜)つロ 乾杯~
白嫖失败
混入其中
You're a wanderer just like me 
恭喜你发现了宝藏
泪目！！！
字幕君nb
爷青回
钉钉子*104
大 连 动
计数君nb
这次一定
白嫖失败
汤姆弹钢琴527键
哔哩哔哩 - ( ゜- ゜)つロ 乾杯~
我要这币有何用
钉钉子*121
钉钉子*141
"Hey yeah, hey yeah"
敲钉子*478
钉钉子*154
钉钉子*159
众神归位
开幕雷击
计数君NB
哔哩哔哩( ゜- ゜)つロ 乾杯
下次一定
666
计数君牛b啊
诸神之战
派大星计数菌第3次施工开始
瞥眼*46
钉钉子*194
钉钉子*198
钉钉子*200
牛
接电话*34
钉钉子*217
钉钉子*224
瞥眼*58
bilibili []~（￣▽￣）~*乾杯 
瞥眼*59
得得得得得得得得得得得
计数君辛苦了
很明显敲钉子多
钉钉子*246
接电话*48
我感觉到了，大家都回来了
接电话*63
ohhhhhhhhhhhhhhhhhhhhhhhhhhhhhhhhhhhhhhhhhhhhhhhhhhhhhhhhhhhhhhh
6666
诸葛连筝
拔剑吧，音乐区！
厉害啊
接电话*77

接电话*98
这次一定
妙啊
哈哈哈哈哈哈哈哈
2倍速新世界
计数君牛牛牛！
厉害了
好汀
这次一定
下次
下次一定
哈哈
bilibili- ( ゜- ゜)つロ 乾杯~
哔哩哔哩 - ( ゜- ゜)つロ 乾杯~ 
二倍速很带劲儿，十分的刺激！
太强了
666666
牛壁
众神归位！！！
66666
很有趣
妙啊，妙啊！
喵帕斯
nb
前方高能
手机震动怎么回事？
秀的我头皮发麻
得得得得得得
白嫖失败
我
阿伟
火钳刘明
剪的可以
无敌记数君
孔明爱了爱了
哈哈哈哈哈
牛批
辛苦了
计数君文艺复兴
挂电话*71
挂电话*77
挂电话*81
挂电话*85
66666666
66666
你币有了
挂电话*104
你币有了
施工完毕 哔哩哔哩 (゜-゜)つロ 乾杯
阿伟又*了
这把我们就遇到高手了
三连了
我手机也在震动
妙啊
卡点nb
棒啊
把牛逼打在公屏上
币快没了
ohhhhhhhhh
我币没了
技术菌牛逼啊
计数君回来了，爷青回
爱了爱了
牛皮牛皮
辛苦了
啊，这！有点强
哈哈哈哈哈哈哈
麻麻问我我的手机为什么成精了
哔哩哔哩 - ( ゜- ゜)つロ 乾杯~
二倍速打开新世界
牛皮
np
飞飞飞飞飞飞飞飞飞飞飞飞飞飞飞飞飞飞飞飞飞飞飞飞飞飞飞飞飞飞飞飞飞飞飞飞飞飞飞飞飞飞飞飞飞飞飞飞飞飞飞飞
牛批
下次一定
哇哦
这不是挂电话吗
参见猫王
计数君nb
厉害
彩票失败了
诸葛琴魔
妙啊
表白计数军
哔哩哔哩干杯
我智波斑愿称你为最强鬼畜

妙啊
火钳刘明
牛牛牛
梦 想 联 动
郭德纲郭德纲
众神之巅
不得不跪
下次一定
牛皮
下次一定，下次一定
牛批
bilibili- ( ゜- ゜)つロ 乾杯~
bilibili- ( ゜- ゜)つロ 乾杯~
66666
白嫖失败
就没他汤姆弹不出的歌
这得做多久啊
坚持看完
你币有了
敲钉子*13
我giao
我的手机在震动！
妙啊
敲钉子*33
敲钉子*54
"Yeah, You Better Know Where You’re Going"
You’re A Wanderer Just Like Me
哔哩哔哩(゜-゜)つロ 干杯~
今天给大家介绍几个生活小妙招
汤姆君是最累的
我服
唢呐起
猫王
计数君NB
这次一定
这次一定！
三连，必须三连
大家可以关掉声音食用
娃娃
妙啊
计数君辛苦了
恭喜你，发现梦幻宝藏。
我要这币有何用
6666
你币有了
牛逼 你币有了
太强了，三连三连
恭喜你发现宝藏恭喜你发现宝藏
这次一定！
这次一定
敲钉子*74
敲钉子*79
6666
你币有了
敲钉子*93
敲钉子*102
敲钉子*106
敲钉子*112
敲钉子*116
币给你咯
乐器：黑管
tql
面筋面筋我的烤面筋
敲钉子*126
敲钉子*132
乐器：人声唢呐
梦幻联动
敲钉子*153
关掉声音哈哈哈哈哈哈哈哈魔鬼吗
这次一定
卧槽哈哈哈哈哈哈哈哈哈哈哈哈哈哈哈哈
冲冲冲
哇哦，厉害了！！！
敲钉子*183
i了i了
敲钉子*187
敲钉子*193
敲钉子*200
嚎
敲钉子*202
三连了
敲钉子*205
敲钉子*207
敲钉子*208
敲钉子*216
敲钉子*218
卧槽
文艺复兴
诸 神  黄 昏
900+？
浅蓝色字幕君默默施工
三连有了
我涂画出我所知的每一处险阻
你最好知道你要去往何处
Yeah You Better Know Where You’re Going 　　你最好知道哪里是你的归宿
宫园薰可还行
司马懿:?......?......
????
哔哩哔哩(゜-゜)つロ 干杯~
回来了。都回来了。。
扯电话线*6
梦幻联动
扯电话线*21
扯电话线*23
扯电话线*27
卧槽
扯电话线*32
扯电话线*36
扯电话线*37
扯电话线*47
敲钉子530
扯电话线*57
扯电话线*61
扯电话线*74
这个真是的是史诗吗？
敲钉子*236
敲钉子*263
太牛了
扯电话线*80
扯电话线*91
扯电话线*98
扯电话线*99
扯电话线*103
。。。。。。。。。。。。。。。。。。。
敲钉子*281
敲钉子*295
666666
下次一定
白嫖失败
都回来了！！！
砸话筒*59
砸话筒*63
梦幻联动
砸话筒*75
砸话筒*81
upnb
砸话筒*88
砸话筒*90
砸话筒*100

有钱了一定
好强
白嫖失败
这次一定
百万调音师
bilibili- ( ゜- ゜)つロ 乾杯~
表白计算君
记数君辛苦了
好活
计数君太强了！
我不给他三连，感觉我对不起他
bilibili- ( ゜- ゜)つロ 乾杯~
厉害
记数君牛逼
bilibili干杯
下次也不一定
卡点大师
文艺复兴
哔哩哔哩( ゜- ゜)つロ乾杯
nbnb
敲钉子*155
文艺复兴
你币有了
牛币
原版？不存在！
可以可以
这次一定
有当年那个鬼畜巅峰时期的感觉了
ohhhhhhhhhhhhhhhhhhhhhhhhhhhhhhhhhhhhhhhhhhhhhhhhhhhhhhhhhhhhhhhhhh
2倍速有惊喜
？？？？？？？？？？？？？？？？？？
这次一定
字幕君行苦了
这次一定，辛苦了
鬼才鬼才
白嫖失败+1
文艺复兴
记数君 还在吗？
记数君 牛逼
当当当
上下的计数君哈哈哈哈哈哈
计数的魔鬼嘛？
还差五个，你就上梁山了，计数君，一会儿我给你补上。
辛苦了
看的我都忘了说下次一定
666
计数君要是是生活在李云龙那个年代真他酿是个天才电台发报员
计数君好评
牛批
扯电话线.65
作者nb，计数君辛苦了。
白嫖失败
我币没了
下次也不一定
这次一定！
妙啊
味真冲
泪目
梦幻联动
666
这次一定
强强强
计数君！爷青回
感谢字幕君、
计数君nb
下次一定
666
这次丕定
好活当赏
这次一定
妈妈问我为什么跪着看电脑
简单再来
6666
红色计数菌再次施工
白嫖失败
感谢汤姆的全程陪伴
这次一定
瞥眼*29
nb
You're a wanderer just like me Hey ya hey ya
计数君辛苦了
bilibili- ( ゜- ゜)つロ 乾杯~
下次一定
下次一定
真吊
哔哩哔哩( ゜- ゜)つロ乾杯
嘟嘟嘟
这次一定
NB
辛苦了！
NB
bilibili干杯！！
？？？？？？？？？？？？？？？？？？？？？？？？？？？？？？
你币有了
这次一定
扯电话线*20
扯电话线*27
白嫖失败
扯电话线*33
扯电话线*44
扯电话线*47
扯电话线*53
你币有了
扯电话线*58
扯电话线*69
扯电话线*78
扯电话线*80
扯电话线*82
扯电话线*87
扯电话线*91
扯电话线*95
下次一定
参见猫王 ，恭喜你们发现宝藏
扯电话线*98
扯电话线*103
砸话筒*23
砸话筒*28
砸话筒*37
砸话筒*43
砸话筒*44
你币有了
神仙计数君！
混进了什么正经的东西
计数君nb
砸话筒*47
砸话筒*50
砸话筒*52
牛
白嫖失败
砸话筒*63
砸话筒*74
大佬牛皮
牛逼！
李永乐哈哈哈哈哈哈哈哈哈哈哈哈
我可以白嫖
666
砸话筒*88
砸话筒*93
砸话筒*104
施工完毕 bilibili- ( ゜- ゜)つロ 乾杯~
厉害
再来亿遍
bilibili- ( ゜- ゜)つロ 乾杯~
牛批
喵帕斯
计数君辛苦了
好活当赏
好活，给哀家赏
upNB?m
白嫖失败
道法合一，言随法出
下～次～一～定～～
瓶子:你不要过来啊
白嫖失败
下次一定
白嫖失败
下次一定的你们良心不会痛嘛
技术活，当赏！
五连绝世
观看x999
bilibili- ( ゜- ゜)つロ 乾杯~
ohhhhhhhhhhhhhhhhhhhh
我手机坏了
计数君永远滴神
bilibili- ( ゜- ゜)つロ 乾杯~
跪了
外放手机都在震动
女少口阿
bilibili- ( ゜- ゜)つロ 乾杯~
计数君NB
666
众神归位
得得得得得得得得得得得得得得得得得得
计数菌nb
文艺复兴 已三连
666
牛逼
bilibili- ( ゜- ゜)つロ 乾杯~
bilibili- ( ゜- ゜)つロ 乾杯~
钢琴--汤姆
国民军专用笛师
这次一定
白嫖完败
我的币都投了
绝活绝了！
白嫖失败
下次一定
永乐？
??c?
卧槽
这次一定
好活当赏
李永乐老师！
，
文艺复兴
牛
哈哈哈哈哈
bilibili- ( ゜- ゜)つロ 乾杯~
妙啊
没有我诸葛琴魔驾驭不了的曲子
哈哈
上次给过了
哈哈哈哈哈哈哈哈哈哈哈哈哈哈哈哈哈
666
bilibili- ( ゜- ゜)つロ 乾杯~
华山论剑
下次一定
表白计数菌
bilibili- ( ゜- ゜)つロ 乾杯~
恕我没文化，一句卧槽走天下
这次一定
求原曲
计数君牛壁！
低调低调哒哒哒哒哒哒哒哒哒哒哒哒你打你打那那那那那那呐呐呐呐哒哒哒到哪到哪哒哒哒你打哒哒哒你打
bilibili- ( ゜- ゜)つロ 乾杯~
现在正在看李永乐编的考研复习全书。。。
好                                   好
哔哩哔哩干杯
bilibili- ( ゜- ゜)つロ 乾杯~
参见猫王
666666
手机在振动
这次一定
*3
这次一定
进度条感人
▬▬▬▬.◙.▬▬▬▬     ▂▄▄▓▄▄▂◢◤ █▀▀████▄▄▄▄▄◢◤ █装逼时间到了 █▀▀▀▀╬     ◥███████◤══╩══╩══我派直升机去接你
You're a wanderer just like me  你就像我一样无依无助
一点五倍爽啦
我愿称之为好活
bilibili- ( ゜- ゜)つロ 乾杯~
bilibili- ( ゜- ゜)つロ 乾杯~
下次一定
我要这币有何用
哔哩哔哩乾杯 []~（￣▽￣）~*
鬼畜出来一种莫名的高级感
2*
笛子8*
这次一定
辛苦
白嫖失败
下次一定的良心没了
好活当赏
我失败了
哔哩哔哩( ゜- ゜)つロ乾杯
白嫖失败
nbnbnbnbnb
得得得得得得得得得得得得得得
这个鬼畜  很赞
下次丕定
眨眼补帧
计数菌辛苦了
鬼畜永不死！
bilibili- ( ゜- ゜)つロ 乾杯~
强
计数君，真心辛苦了，加鸡腿
哒哒哒哒哒哒哒哒哒哒哒哒哒哒哒哒哒哒
这个马达怎么回事
会有哲♂学吗
有人看见计数菌了吗？
bilibili- ( ゜- ゜)つロ 乾杯~
我的手机为什么在震
bilibili- ( ゜- ゜)つロ 乾杯~
哔哩哔哩(゜-゜)つロ 干杯~
bilibili- ( ゜- ゜)つロ 乾杯~
我去了，666
文艺
神罚
没有我白嫖不了的视频(doge)
前方高能，请做好心理准备
表白计数君
哔哩哔哩 - ( ゜- ゜)つロ 乾杯~
白嫖失败
这低音效果也是醉了
bilibili- ( ゜- ゜)つロ 乾杯~
得得得得得得得得得
音乐区，拔刀吧1
66666666
哈哈哈哈哈哈哈哈哈哈
这次一定
。
扯电话线*3
牛逼
白嫖三连
扯电话线*34
bilibili- ( ゜- ゜)つロ 乾杯~
扯电话线*37
扯电话线*43
扯电话线*52
扯电话线*58
扯电话线*60
扯电话线*69
妙啊
扯电话线*99
扯电话线*102
扯电话线*103
没有我诸葛孔明弹不来的曲子
妙啊妙啊
砸话筒*43
砸话筒*65
砸话筒*72
lbwnb lbwnb lbwnb lbwnb lbwnb lbwnb lbwnb lbwnb lbwnb lbwnb lbwnb lbwnb lbwnb lbwnb lbwnb lbwnb lbwn
砸话筒*78
是个技术活儿，该赏！
砸话筒*84
砸话筒*88
砸话筒*91
lbwnb
砸话筒*102
- ( ゜- ゜)つロ 乾杯~
牛逼
梦幻联动
前方高能！！！
好活
屠   榜   巨   作
二倍速牛掰
秀啊
小六牛壁
哔哩哔哩乾杯 []~（￣▽￣）~
猫王牛逼
牛逼牛逼牛逼牛逼牛逼牛逼
阿巴阿巴阿巴阿巴阿巴阿巴阿巴阿巴阿巴阿巴阿巴
上头
bilibili- ( ゜- ゜)つロ 乾杯~bilibili- ( ゜- ゜)つロ 乾杯~
破产
诸葛先生还是音乐家
哔哩哔哩干杯
哔哩哔哩干杯[]~(￣▽￣)~*
怎么才能拥有这个音频我想拿来当铃声！！！！！！！
你币有了
硬硬的还在
滴滴滴滴滴滴的
哈哈哈哈哈哈哈哈哈哈哈哈哈哈哈哈哈哈哈
再来亿遍
我愿称你为最强
你有币了
蚤
看看评论
梦幻联动
嘎嘎嘎额外
怪不得呢
与物无忤
哈哈哈哈哈
666
童 年 回 忆
白嫖失败 你币有了
计数君shafenle
？？？
三连
哔哩哔哩干杯~
众所周知范伟老师是乐器
这次一定
nb
秒啊
鬼畜NB
NB
卧槽
好热闹
哔哩哔哩(゜-゜)つロ 干杯~
诸葛琴魔
开头见
有点意思
我的币呢  赶紧还我
Yeah you better know where you're going 
镇站之宝
kk
踩点狂魔
你币有了
鬼畜啊
这次一定
优秀优秀优秀优秀优秀优秀
计数君杀疯了
哔哩哔哩 - ( ゜- ゜)つロ 乾杯~
参见猫王
众神归位
噢⊙_⊙
前方高能
我要这硬币有何用
真心牛逼
牛壁
顶顶顶顶
难得的计数菌！
史诗级大作哈哈哈哈哈哈
辛苦计数君了!
好活，当赏
这次一定啊！
赏金
bilibili- ( ゜- ゜)つロ 乾杯~
欢迎回来
66666666
哔哩哔哩[](￣▽￣)~*乾杯

可以这很彳亍
你三连有了
woc我手机动了我不看了
汤姆：mvp理所当然
鬼畜神作
手机在震
牛
非洲农业不发达，我们要用金坷垃
文艺复兴
唢 呐 一 响
手机振动着，还以为耳机坏了变成扬声器空放了呢
九连了
牛逼
我想看拉二胡
66666
哔哩哔哩|˛˙꒳​˙)♡干杯～
把上流打在公屏上
下次一定
白嫖失败了唉
这次一定
黄色贵族
暂七师呢
尿～啊
"[""56"",""66"",""1-0.5"",""5.7"",""龙哥NB!"",""5.5"",""6.5"",""0"",""0"",""400"",0,1,""NSimSun"",1,""M820,476L819,475L816,471L808,465L788,451L777,441L769,434L767,431L766,430L766,430""]"
66666
爷青回
终于鬼畜区又回到了那些闪光的日子里了
"[""56"",""66"",""1-0.5"",""5.7"",""UP主nb！！"",""130.5"",""9.5"",""0"",""0"",""700"",""400"",1,""FangSong"",1,""M735,370L733,367L731,364L728,359L721,350L713,343L706,336L697,330L690,325L685,321L683,320L681,319L681,317L679,317L679,317L679,317""]"
"[""0.976"",""0.188"",""1-0.5"",""5.1"",""N"",""10.5"",""9.5"",""0.372"",""0.198"",""400"",""100"",1,""FangSong"",1]"
全体起立，众神归来
666
哈哈哈哈哈哈哈哈
Haha
上流
好活
这次一定
nb
成功忘掉原版
梦幻联动
白嫖失败
二营长
秀儿
你币有了
下次一定
节钉器
起飞起飞起飞起飞
白嫖失败
你币有了
敲钉子*452
全体起立！！！！！！！！
话不多说，三连走起
你
ohhhhhhhh
没有我诸葛村夫弹不出来的曲子
哈哈哈
这次一定
哔哩哔哩 - ( ゜- ゜)つロ 乾杯~
明天给你攒个币
牛逼的很啊
这次一定
厉害
你三连有了
乾杯
妙哉
白嫖失败
计数君牛逼！
下次一定
太强了啊
这次一定。
WC
三连三连
参见猫王
下次一定
bilibili- ( ゜- ゜)つロ 乾杯~
"[""20"",""4"",""1-1"",""5.7"",""再来亿遍"",""2"",""7"",""17"",""4"",""800"",""200"",1,""SimHei"",1]"
本人不才，一句卧槽走天下
哔哩哔哩(゜-゜)つロ 干杯~
下次一定
高级弹幕nb
哔哩哔哩 - ( ゜- ゜)つロ 乾杯~
好家伙，光看弹幕了
下次一定
66666
我要这币有何用
他
妙啊
兄弟们开头见！
猫王！
i了i了
bilibili- ( ゜- ゜)つロ 乾杯~
派大星敲钉子好像很累的样子
厉害
bilibili- ( ゜- ゜)つロ 乾杯~ bilibili- ( ゜- ゜)つロ 乾杯~
三连了
下辈子一定
众所周知鬼畜区音乐大佬多
我健健康康
好听！
这次一定
太牛逼了
下次一定
团长
派大星*11
看哪，他们在创世啊！
卡点很牛逼
技术流技术流，太强了
你币有了
汤姆这段神配
没有我孔明村夫弹不出的曲子
计数君已疯
爷爱了
哈哈哈哈
高手
全体起立
小六？？？？
好一个暂七师
一定
就听见唢呐了
哔哩哔哩干杯！
高级
这次一定
踩点
牛逼
这 次 一 定
下次一定
牛皮！666
"[""402"",""236"",""1-0"",4.5,""得得得得得得得得得得得得得得得"",""80"",0,""402"",""236"",500,0,1,""SimHei"",1]"
参见猫王
白嫖失败
你币有了
我孔明真的太气质了
秒啊
来了来了来了
哔哩哔哩(゜-゜)つロ 干杯~
还是给你点个赞吧
唢呐一响直接起飞
长按了
牛逼
6666
6666
bilibili- ( ゜- ゜)つロ 乾杯~
bilibili- ( ゜- ゜)つロ 乾杯~
NB
666
乾杯 []~（￣▽￣）~*
下次一定
秀儿
文艺复兴，汤姆NB
梦幻联动
喵帕斯～
6666666
再来亿遍
一曲肝肠断
哔哩哔哩(゜-゜)つロ 干杯~
好无聊，我看了300遍就关了(｡•ˇ‸ˇ•｡)
啥也不说了，NB就完事了
这次一定
"[""0"",0,""1-1"",""5.8"",""牛逼"",""24"",""17"",""0.98"",""0.703"",""500"",""0"",1,""SimHei"",1]"
得得得得得得得得得得得得得得得得得得得得得得得得得得得得得得得得得得得得得得得得得得得得得得得得得得得得得得得得得得得得得得得得得得得得得得得得得得得得得得得得得得得得得得得得得得得得得得得得得得得得
再来亿遍，你必有了
二可恶我的币又要没了
！！！！！！！！
up主辛苦了
你币有了
bilibili- ( ゜- ゜)つロ 乾杯~
bilibili
哈哈哈哈众神归位
Tom:MVP理所当然
就这？
弹幕愣是搞出夜店蹦迪内味
前方核能
我的天啊，连接的完美无瑕
可能这就是大佬吧！这次一定
汤姆全场最佳
文艺复兴
牛皮
这次一定
这次一定！
禁忌の四重奏！
bilibili- ( ゜- ゜)つロ 乾杯~
wc，牛逼
下次一定
？？？………
白嫖光荣，下次一定。
giao
bilibili干杯
！！！！！！！！！！！！！！！！！！！！！！！！！！！！！！！！！！！！！！！！！！！！！！！！！！！！！！！！！！！！！！！！！！！！！！！！！！！！！！！！！！
牛壁
这次一定
下次一定
bilibili- ( ゜- ゜)つロ 乾杯~
将喇叭放在嘴里，你会感觉到三d的效果
666666
梦回大唐、
哈哈哈有节奏
猫咪的按键还对上了。牛批
牛壁牛壁
哈哈
得得得
众神归位
众神归位
众神归位
众神归位
bilibili- ( ゜- ゜)つロ 乾杯~
bilibili- ( ゜- ゜)つロ 乾杯~
真特娘的牛逼
dddddddddddddddddd
牛逼
牛皮
恶客可哦鹅考
"[""73"",""4"",""1-0"",""3"",""哔哩哔哩 ( ゜- ゜)つロ 乾杯~"",""42"",0,""73"",""4"",""500"",0,1,""SimHei"",1]"
"[""73"",""4"",""1-0"",""3"",""哔哩哔哩 ( ゜- ゜)つロ 乾杯~"",""87"",0,""73"",""4"",""500"",0,1,""SimHei"",1]"
666
大佬nb
bilibili- ( ゜- ゜)つロ 乾杯~
我币咋没了
bilibili- ( ゜- ゜)つロ 乾杯
妙啊
跨 世 纪 联 动
牛逼
此时只有一个牛逼能表达我的心情了
踩点极度舒适
真不戳
你币有了
这次也不一定（doge）
bilibili乾杯 []~（￣▽￣）~*
哔哩哔哩(゜-゜)つロ 干杯~
这次一定
阿吧 啊吧
"[""0.434"",""0.499"",""1-1"",""3"",""众神归位"",0,0,""0.715"",""0.521"",500,""200"",1,""SimSun"",0]"
牛逼
哔哩哔哩 - ( ゜- ゜)つロ 乾杯~
人生中的第一次三连
看到李团长我默默的给了一个赞
00：00
这次一定
火钳刘明
掌声
计数君
这
哈哈哈哈哈下次一定
ohhhhhhhhhhh
朕的计数君呢
诸葛亮：我当时就不该空城
得得得得得得得得得得得得得得得得得得得
是个技术活，该赏
白嫖失败
交给我了
白嫖失败
bilibili- ( ゜- ゜)つロ 乾杯~
白嫖chengg
"[""75"",""250"",""1-1"",""4"",""敲钉子*70\n"",0,0,""75"",""250"",500,0,1,""SimHei"",1]"
你币有了
的点点滴滴点点滴滴到底多大多大
众神归位
牛批
对上了
诸葛琴魔重返战场
Giao
哔哩哔哩乾杯 []~（￣▽￣）~*
还对上了，有内味了
众神归位
ilidilid
 ilidilid
bilibili乾杯
win～win～win～win～
你币有了
汤姆:拜拜了您嘞
再来亿遍
还是诸葛村夫威武
就这次了
弹屏也牛B
下次一定
bilibili- ( ゜- ゜)つロ 乾杯~
众神归位
牛逼
厉害了
bilibili- ( ゜- ゜)つロ 乾杯~
我手机在震
得得得得得得得得得
爷青回
你币有了
bilibili- ( ゜- ゜)つロ 乾杯~
哔哩哔哩 ( ゜- ゜)つロ 乾杯~
bilibili- ( ゜- ゜)つロ 乾杯~ 
bilibili- ( ゜- ゜)つロ 乾杯~ 
bilibili- ( ゜- ゜)つロ 乾杯~ 
bilibili- ( ゜- ゜)つロ 乾杯~ 
众神归位
下次一定
nb
哈哈哈哈众神归位就尼玛离谱c哈哈哈哈
卡点狂魔
起飞
nb
没有我汤姆弹不了的曲子
bilibili- ( ゜- ゜)つロ 乾杯~ 
一个字，绝！
妙得很
没穿裤子的汤姆
绝了绝了
梦幻联动
我手机要震掉了
眼睛忙不过来了
妙啊
我币没了
众神归位
前 方 核 能
前 方 核 能
前 方 核 能
司马懿：这城里有百万人在演奏
梦幻联动
下次也丕定
白嫖失败
我贝多芬愿称你为最强
下次一定
666666
下次丕定
妙啊
啊啊啊啊
666
难得见到的音mad。。。
下次亿定
下次也不一定
芜湖，起飞～
6666666
全场最佳：汤姆
诸葛琴魔降临
bilibili- ( ゜- ゜)つロ 乾杯~
666
这次一定
我手机都在律动
拔剑吧，音乐区！
牛
你币有了！！
哔哩哔哩 （゜-゜）つロ 干杯~-bilibili
牛逼class。
这就是诸葛孔明吗？
干杯
我的手机又开始震动了
只能2连，没币了
你币有了
弹钢琴*17
弹钢琴*22
哈哈！
啊我币没了
弹钢琴*30
哔哩哔哩-(゜-゜)つロ乾杯~
你币有了
哈哈哈
吓得我直接三连了
666
直接送走
得得得得得
龙王去世
"╮(￣▽￣"")╭ 进度条君已阵亡"
奥利给干了
向音乐区宣战。
秀到飞起
计数君辛苦了
好家伙，中外大合奏啊
ilidilid
直接铜币还愣什么
排面
下次一定
666
le
泪目，doueiwo
再来亿遍
哇
有内味了
bilibili- ( ゜- ゜)つロ 乾杯~
一个字强。
优秀啊
哔哩哔哩 （゜-゜）つロ 干杯~-bilibili
牛批
再来亿遍
我去，冰块
有味了
白嫖失败
《 梦 幻 联 动 》
他们肯定没想到。自己竟然在联合唱歌。
流弊
乾杯 []~（￣▽￣）~*
众生归位
计数器是真的
众神归位
妙，妙啊
你最好知道哪里是你的归宿，
666666
计数君np
白嫖失败
你币有了
计数君辛苦了
活该你有币
参见猫王
古今中外联动
要这币有何用
三连给你
哈哈哈哈哈
芜湖！起飞！
牛皮
哔哩哔哩 - ( ゜- ゜)つロ 乾杯~
司马懿:城里有几亿人…
牛气
？？？？
我的天呐优秀优秀但是我没有币啊
白嫖失败
哔哩哔哩(゜-゜)つロ干杯~
bilibili- ( ゜- ゜)つロ 乾杯~
为什么鬼畜区大佬隐退
诸葛
下次一定
众神归位
众神归位
敲钉子*240
哈哈哈哈哈哈哈哈哈哈
妙哉啊
猫王。
好耳熟，但是忘了叫啥名。求bgm
hahaha
飞飞飞飞飞飞飞飞飞飞飞飞
芜湖！起飞
哔哩哔哩(￣▽￣)～■干杯
汤姆：没有我弹不出的曲子
参  见  猫  王
打开我的二倍数。
汤姆：没有我不会的曲子
已三连
好叮
大声喊出来lbwnb
参见猫王
起飞，兄弟
全站第一
bi li bi li- ( ゜- ゜)つロ 乾杯~
音乐鬼才
白嫖失败
非战斗人员请撤离
要
下次一定
牛逼
你币有了
疯狂卡点
城会玩
下次不一定
牛逼
双踩嗷

大家出来走个流程
发现宝贝了，果断三连
芜湖
滴滴
爷青回
文艺复兴
我从未见过，如此NB之人
下次一定
不愧是诸葛琴魔
呀吼
白嫖失败
tql
币有了
再来亿遍
"[0,0,""1-1"",4.5,""众神归位"",""140"",0,0,0,500,0,1,""SimHei"",1,""M565,337L565,337""]"
没币了
白嫖失败
对啊为啥？在抖
诸神归位！
牛逼
NB
我c牛逼了
答应给你的三连
nbnb
哔哩哔哩 （゜-゜）つロ 干杯~-bilibili
哔哩哔哩干杯
猫王与比奇堡的梦幻联动
666
你有币了
秀儿归位
上头
没有最牛逼只有更牛逼
厉害
666
众神之力
计数君
计数君已阵亡
二倍新世界
哒哒哒哒哒哒哒哒哒哒哒
白嫖失败
我愿称之为绝活
很棒
哈哈哈哈
牛牛牛
。。。。。。。。
哔哩哔哩 （゜-゜）つロ 干杯~-bilibili
为什么我手机震动的这么厉害
那是古琴谢谢
我币没了
三连支持
参见猫王
币有了
一波操作猛如虎
bilibili- ( ゜- ゜)つロ 乾杯~
闻者伤心听者流泪
白嫖失败
牛批
这次一定
众神归位
人才，看不出来是无缝剪切的
牛逼牛逼
字幕可以动！！！
芜湖
哔哩哔哩干杯
唢呐一吹。
哔哩哔哩 - ( ゜- ゜)つロ 乾杯~
老子投币键呢
哔哩哔哩干杯
辛苦了
哔哩哔哩乾杯 []~（￣▽￣）~*
白嫖失败
NB
震惊竟然节奏跟上了
哔哩哔哩乾杯 []~（￣▽￣）~*
镇站之宝
参见猫王
鲁班：牛批！
混合音乐
bilibili- ( ゜- ゜)つロ 乾杯~
哔哩哔哩 （゜-゜）つロ 干杯~-bilibili
带制作
这次一定
好活好活
猫王
参见猫王
文艺复兴
文艺复兴
众神归位
秒啊
参见猫王
参见猫王
众神归位
猫王
专业
bilibili干杯
【诸葛亮旁边的两个小孩】进入直播间
哔哩哔哩乾杯 []~（￣▽￣）~*
空降7:00
白嫖失败
你币有了
参见猫王
bilibili- ( ゜- ゜)つロ 乾杯~
你币有了
哔哩哔哩( ゜- ゜)つロ 乾杯
前方核能！
众神归位。开始鬼畜。！！！！！
NB
6
猫王辛苦了
众神归位
白嫖失败
你币有了
bilibili
bilibili- ( ゜- ゜)つロ 乾杯~
百万调音师！！！
收藏夹吃灰去吧
参见猫王
爱了爱了
汤姆除了抓不住老鼠，啥都会
参见猫王
这次一定
众神归位
太厉害了
牛逼，下次一定
妙不可言
bilibili- ( ゜- ゜)つロ 乾杯~
白嫖失败
wccccccc
猫厂np！！！！
众神归位
哔哩哔哩 （゜-゜）つロ 干杯~-bilibili
白嫖失败
彳亍
阿婆主哪里找来的音源
挂电话*1
挂电话*15
挂电话*17
挂电话*59
前方高能
挂电话*66
挂电话*122
挂电话*125
必须投币
众神归位
再来亿遍
诸葛琴魔
有人吗
神 仙 打 架
沙溢：他没事儿吧
挂电话*133
文艺复兴
挂电话*157
挂电话*177
哔哩哔哩干杯
哔哩哔哩 - ( ゜- ゜)つロ 乾杯~
哔哩哔哩 - ( ゜- ゜)つロ 乾杯~
哔哩哔哩乾杯 []~（￣▽￣）~*
白嫖失败（变红）
禁忌二重奏
人才啊
厚颜无耻之人
钉子还没钉进去呢
参见诸神
bilibili- ( ゜- ゜)つロ 乾杯~
三连都给你了！
诸葛琴魔
参见猫王
干杯
像只猫一样发出妙妙妙的声音
nb
哔哩哔哩 （゜-゜）つロ 干杯~-bilibili
吴迪
参加猫王
参见猫王
空降0：00
牛
得得得得得得得
awsl
白嫖失败
诸神黄昏
众神归位
牛批
牛批
bilibili- ( ゜- ゜)つロ 乾杯~
zun号
哔哩哔哩乾杯 []~（￣▽￣）~*
MVP汤姆
人间能得几回合
电话：我做错了什么？
弹幕也很牛批
梦幻联动
bilibili- ( ゜- ゜)つロ 乾杯~
计数君辛苦了哈哈哈哈哈哈
众神归位
下次一定
数
计数
爷命断
哔哩哔哩(゜-゜)つロ干杯~
专业
猫王牛逼
ohhhhhhhhhhhh
文艺复兴
我去
这次一定
除了抓老鼠，什么都会的猫
哈哈哈哈哈哈哈哈，范老师点睛之笔
猫王好
诸葛琴魔
计数君已经阵亡
我是小妖怪，逍遥又自在。
N                  B
bilibili- ( ゜- ゜)つロ 乾杯~
奇怪的联动增加了
诸神黄昏！
好听！
ohhhhhhhhhhhhhhh
前方计数君死亡高能
bilibili-（° -°）つロ乾杯~
bilibili- ( ゜- ゜)つロ 乾杯~
我的青春又回来了
火钳刘民
计数君NB！！！
干杯
你币有了
挑眼43
女少口阿
尿啊～
请收下我的膝盖
三连有了！
bilibili~~~乾杯~~~(/≧▽≦)/~┴┴ 
猫王
闭眼新世界
哔哩哔哩 - ( ゜- ゜)つロ 乾杯~
梦幻联动
好活！
np
白嫖失败
感谢计数君
格莱美现场
白嫖失败
梦幻联动
请收下我的膝盖
我要这币有何用？
文艺复兴
妙啊
已三连
参见猫王
▄▅▆▇█▇▆▅▄▄▅▆▇█▇▆▅▄▄▅▆▇█▇▆▅▄▄▅▆▇█▇▆▅▄▄▅▆▇█▇▆▅▄▄▅▆▇█▇▆▅▄▄▅▆▇█▇▆▅▄▄▅▆▇█▇▆▅▄▄▅▆▇█▇▆▅▄▄▅▆▇█▇▆▅▄▄▅▆▇█▇▆▅▄
白嫖失败
众神归位
彳亍
全场最佳  汤姆
郭德纲进入zhibio直播间
妙啊，白嫖失败
二倍有惊喜
前方高能！
前方高能
高能！！！！！
参见猫王
梦幻联动。
众 神 归 位
参见喵王
火钳刘明
众神归位，撼动中外
这次一定
哔哩哔哩乾杯 []~（￣▽￣）~*
众神归位
bilibili- ( ゜- ゜)つロ 乾杯~
好听
老师好
卧槽
高能
你币有了
这是一只除了抓老鼠什么都会的猫
硬币—2
爷青回
果宝机甲归位！！！
参见猫王
参见猫王
up主nb
流弊
前方高能
来了来了
怎么三件
今天又不是白嫖的一天
猫王
好活当赏
6666
bilibili- ( ゜- ゜)つロ 乾杯~
ohhhhhhhhhhhhhhhhhhhhh
666666
⣿⣿⡟⣰⣞⣛⡒⢒⠤⠦⢬⣉⣉⣉⣉⣉⣉⣉⡥⠴⠂⢸ ⠻⣿⣿⣿⣿⣏⠻⢌⣉⣉⣩⣉⡛⣛⠒⠶⠶⠶⠶⠶⠶⠶⠶⠂⣸⣿ ⣥⣈⠙⡻⠿⠿⣷⣿⣿⣿⣿⣿⣿⣿⣿⣿⣾⣿⠿⠛⢉⣠⣶⣶⣿⣿
差一位啊军乐队跑哪去了
乾杯！
文艺复兴
三连
诸神黄昏
 哔哩哔哩 - ( ゜- ゜)つロ 乾杯~
手机的震动好明显
好听
干杯
没有我暂七师军乐队奏不出的曲子
哔哩哔哩乾杯 []~（￣▽￣）~*
这就是bili之怪吗
哔哩哔哩(゜-゜)つロ 干杯~
像猫皇致敬。
二倍可还行
闭眼琴王，睁眼猫王
来人给猫王磕头
666
梦幻联动
你币有了
毫无违和感
老师的手很熟练
我靠，牛批
众神归位！全体起立！
参见猫王
专专专 业业业
众神归位
你币有了
计数君牛批
妙啊
三连，就绝对是你了
哔哩哔哩
众鬼畜之神合奏之曲
建议改为妈问跪系列
泪目
施工完毕～已经一键三连啦
诸神黄昏
优秀
参见猫王
现在所有人全体起立
刷樱花庄的不对啊！这是悠哉日常大王的喵帕斯
参见猫王
哔哩哔哩 - ( ゜- ゜)つロ 乾杯~
哈哈哈
giao！
跨次元联动。
两倍快乐
哔哩哔哩 (゜-゜)つロ 干杯~-bilibili
66666
bilibili- ( ゜- ゜)つロ 乾杯~！
哔哩哔哩乾杯 []~（￣▽￣）~*
不错不错
卧槽！
白嫖失败
我去
参见猫王
计数君辛苦了
鼓掌
卧槽
NB！！！！
上头
105万赞就离谱
没电了
喵帕斯果然也被迫害了
妙阿
众神归位
你币有了
有趣
哔哩哔哩 - ( ゜- ゜)つロ 乾杯~
猫王np
哔哩哔哩( ゜- ゜)つロ 乾杯
bilibili- ( ゜- ゜)つロ 乾杯~
梦幻联动
billbill乾杯 []~（￣▽￣）~*
bilibili- ( ゜- ゜)つロ 乾杯~
三连已有
参见猫王
哔哩哔哩(゜-゜)つロ 干杯~
应着节奏，后方高能
白嫖失败
白嫖失败
你就是传说来自天堂的魔鬼
专业
白嫖失败
牛逼
猫王，永远的王
上帝之手
这能怪我投币吗
艺术盛宴
贝多芬果断白给
超威蓝猫
参见猫王
众神归位
梦幻联动。
妙啊
众神归位，全体起立
乾杯
是Nevada
梦幻联动！
白嫖失败
妳币有了
参见猫王
妙啊
汤姆猫王之王
哔哩哔哩干杯
bilibili- ( ゜- ゜)つロ 乾杯~
大师兄回来了，都回来了，师兄们都回来了
三连有了
这次一定，NB
参见猫王
文艺复兴
吓得我赶紧三连
帅
秀儿
文艺复兴
6666
我手机坏了？？？？
牛皮
秀的我头皮发麻
没有汤姆什么不会的只有抓不住杰瑞
琴魔乱舞
bilibili- ( ゜- ゜)つロ 乾杯~
牛哔！
哔哩哔哩 - ( ゜- ゜)つロ 乾杯~
猫王少爷还不回去继承老爷的遗产吗
这次一定
滚去我收藏夹吃灰去吧
多方联合
。。。
忽悠三人组，号称连神都逗给你看
喵帕斯
丞相莫要再弹了
禁忌五重奏
神奇的世界
碎，吐，万
bilibili^O^乾杯
bilibili- ( ゜- ゜)つロ 乾杯~
乾杯 []~（￣▽￣）~*
能听见一点歌词
梦幻联动
bilibili- ( ゜- ゜)つロ 乾杯~
这次一定
白嫖失败
.
牛逼
可以很优秀
哔哩哔哩(゜-゜)つロ 干杯~
一场众神的演出。
真上头！
前方高能
大制作啊
哔哩哔哩-(゜-゜)つロ乾杯~
下次一定
我给你毙了
白嫖
参见诸葛丞相
哈哈
手麻了
拜见猫王
三连
nbnb
看得我想去看猫和老鼠了
乾杯 []~（￣▽￣）~*
白嫖失败
混入其中
跨次元合作愉快
牛皮
好
昌
这次一定
爷青回
bilibili
欧阳呐呐开始吟唱
参见猫王
厉害
参见猫王
666
再来亿遍
参见猫王
这才是B站原来的样子
白嫖王在此
朋友们好
参见猫王
参见猫王
白嫖失败
汤姆持续输出
我币没了
666
bgm是啥
大方
牛逼坏了
敲钉子辛苦啦
666
bilibili- ( ゜- ゜)つロ 乾杯~
666
调音鬼才
哔哩哔哩 乾杯 []~（￣▽￣）~*
下次一定
哈哈哈哈哈哈
下次一定
nb
原声大碟
妙啊
牛啤啊
不三连枉为少年
好活，该赏
居然能让我手机震动！
人才！
NB
你币有了
点卡的太棒了
6逼
这时候我就知道 币藏不住了
高人
↓白字敲钉子辛苦了
比奇堡三大最高战力
为什么我的手机在抖
我第一次把碧头的如此丝滑
记数君牛逼！！！
为什么声音没有 手机还震动
参见猫王
参见猫王
hh
猫王
帅的
参见猫王
辛苦了
参见猫王
众神归位
bilibili
孔明独奏时间
______________________________________________________________________________________
66
哔哩哔哩乾杯
哔哩哔哩干杯
喵帕斯
We are not a good 
66666666
请收下我的膝盖
我叫章鱼哥，一个被遗忘的天才
中西合唱
hhhhhhc
秀
You can not get your own way 
参见猫王
我一个币都不剩了
白嫖失败
文艺复兴
什么神仙啊
笑得睡不着觉哈哈哈哈哈
你币有了
猫王
三连已给
哈哈哈哈哈哈哈哈哈
白嫖失败
充电           99%
扣电话*490
哔哩哔哩（゜-゜）つロ干杯~
牛批
前方高能
参见猫王
这不是云龙兄的交响乐团吗
全体起立！
白嫖失败
众神降临
参见猫王
=--———————————————————————————～————～～～～～～～～～～——————
【】～（OvO）～
层叠的颜色或许已经模糊
我涂画出我所知的每一处险阻。
你就像我一样是 个流浪者
你就像我 一样是 个流浪者
参见猫王
有内味了
真是米奇进了妙妙屋妙到家了
白嫖失败
参见猫王
The.孔明牛逼。
i
好活
参见猫王
就算是老鬼畜素材也能给你整出新花样
有一位外国小哥
牛逼
▅▆▇█▇▆▅▄▄▅▆▇█▇▄▄▅▆▇█▇▆▅▄▄▅▆▇█▇▆▅▄▄▅▆▇█▇▆▅▄▄▅▆▇█▇▆▅▄▄▅▆▇█▇▆▅▄▄▅▆▇█▇▆▅▄▄▅▆▇█▇▆▄▄▅▆█▇▆▅▄▅▆▇█▇▅▆▇█▇▆▅▄▄
众神回归
参见猫王
NB
参见猫王
黑喂狗
哈哈哈
鬼畜猫片开始！
众神归位
◢◤◢◤◢◤◢◤◢◤◢◤◢◤◢◤◢◤◢◤◢◤◢◤ WARNING WARNING WARNING 前方高能 WARNING WARNING WARNI◥◣◥◣◥◣◥◣◥◣◥◣◥◣◥◣◥◣◥◣◥◣◥◣◢
宗师归来系列
1000W合影
众神归位
#R666
第2001条弹幕
有字幕了！
泪目
我汤姆除了抓老鼠什么都会
计数君牛逼
计数君辛苦了
成功失败的白嫖
不错
参见猫王
ohhhhhhhhhh
众神归位
我知道我有去哪里了
.
<h1>aaa</h1>
参见猫王
我
牛鼻
nb
女少口阿
这个唢呐哈哈哈哈哈哈哈哈哈
诸葛亮 加入了游戏
这次一定
牛
猫王持续输出
诸葛琴魔
前方高能
猫王汤姆
白嫖失败
Tom：我有金坷垃！
无情
▄
弹钢琴3653
参见老鱼哥。
参见猫王
众神归位
参见猫王
太牛了妙极了
金，金，金，金，金，金珂拉，都爱他。
除了抓老鼠啥都会，神猫
全 体 起 立
thtghh3ghh
众生归位！芜湖起飞！
我币没了，你币有了
哈
。。。
竟然是新的视频
——————————————————————————————————————————————————————————————————————————————————————————————
启蒙运动
明天你往往我要死了。
*钢琴ⅹ2
*钢琴ⅹ3                                    诸葛亮x3
*诸葛亮x2                               钢琴x3
*钢琴x5    锤声x3     啊x2    电话x2
*钢琴x5    锤声x3     啊x2    电话x2
*锤声ⅹ40    泡泡x15    笛子ⅹ3
*锤声ⅹ40    泡泡x15    笛子声ⅹ5   电话x10
能不能在公屏夸一夸我？
*钢琴声ⅹ2
*锤声ⅹ40    电话x10     钢琴x5  泡泡x2
！！
参见猫王
ohhhhhhhhhhhhhhhhhhhhhhhhhhhhhhhhhhhhhhhhhhhhhhhhhhhhhhhhhhhhhhhhhhhhhhhhhhhhhhhhhh
这次一定
洋务运动
当章鱼哥拿起了他的竖笛，开始了盛宴一般的练习
伟大的音乐演奏者
参见猫王
恭喜你发现宝藏
全体起立
恭喜你发现宝藏
卧槽
这 次 一 定 ！
你的“诸葛亮”体验卡即将到期
大家夸夸我这个蓝色计数君吧！肝都爆了！
这次一定
汤姆 永远的神！
参见猫王
梦幻联动
"[""7"",""45"",""0.94-1"",""2.5"",""Evrycolor bleeds into the same"",""3"",""13"",""146"",""325"",500,0,0,""SimHei"",1]"
带师制作
妙啊
唢呐之王——燕小六
众神归位，全体起立！
2倍速打开了新世界
非战斗人员立即撒撤离!
。。。。。。
文艺复兴
牛批
多谢海底三人组的亲情出演！
汤总的操作永远不会让我失望
草草草草草草草草*3
梦幻联动
"[""146"",""513"",""1-1"",4.5,""来尝一串石灰烤面筋"",""90"",""0"",""442"",""516"",500,0,1,""SimHei, \""Microsoft JhengHei\"""",1]"
"[""442"",""516"",""1-1"",4.5,""来尝一串石灰烤面筋"",""90"",""0"",""146"",""513"",500,0,1,""SimHei, \""Microsoft JhengHei\"""",1]"
"[""90"",""116"",""1-0"",4.5,""得得得得得得得得得得得得得得得得得"",""0"",""0"",""92"",""233"",500,0,1,""SimHei"",1]"
"[""221"",""366"",""1-1"",4.5,""病毒没人比我懂他"",""90"","""",""883"",""366"",500,0,1,""SimHei"",1]"
"[""0"",""3"",""1-1"",4.5,""♂♂♂♂♂♂♂♂♂♂♂♂♂♂♂♂♂♂♂♂♂♂♂\n♂♂♂♂♂♂♂♂♂♂♂♂♂♂♂♂♂♂♂♂♂♂♂\n♂♂♂♂♂♂♂♂♂♂♂♂♂♂♂♂♂♂♂♂♂♂♂\n♂♂♂♂♂♂♂♂♂♂♂♂♂♂♂♂♂♂♂♂♂♂♂\n♂♂♂♂♂♂♂♂♂♂♂♂♂♂♂♂♂♂♂♂♂♂♂\n♂♂♂♂♂♂♂♂♂♂♂♂♂♂♂♂♂♂♂♂♂♂♂\n♂♂♂♂♂♂♂♂♂♂♂♂♂♂♂♂♂♂♂♂♂♂♂ ♂♂♂♂♂♂♂♂♂♂♂♂♂♂♂♂"",""0"",""0"",""0"",""6"",500,0,1,""SimHei, \""Microsoft JhengHei\"""",1]"
"[""1224"",""693"",""1-1"",4.5,""♂♂♂♂♂♂♂♂♂♂♂♂♂♂♂♂♂♂♂♂♂♂♂"",""9"",""0"",""396"",""349"",500,0,1,""SimHei, \""Microsoft JhengHei\"""",1]"
"[""1088"",""193"",""1-1"",4.5,""如果鬼畜可以让你"",""0"",""0"",""428"",""696"",500,0,1,""FangSong"",1]"
全体膜拜
卧槽，nb
梦幻联动
有耐心的可以尝试0.5倍
参见猫帝
<red>参见猫王</>
每天亿变
参见李团长
在B站，这才是真正的快乐(狗头
章鱼哥NB
狂妄之冰加入游戏
妙啊
！！！！！！！！！！！！！！！？！！！！！！
哔哩哔哩乾杯 []~（￣▽￣）~*
字幕绝了
猫王永远的神
我爱你也避站。
nb
飞
弹幕护体
病毒找到了最懂他的人
得得得得得得得得得得得得得得得得得得得得得得得得得得得得
◤◢◤◢◤◢◤◢◤◢◤◢WARNING WARNING WARNING 前方核能 WARNING WARNING WARNING◤◢◤◢◤◢◤◢◤◢◤
得得得得得得得得得得得得得得得得得得得得得得得得得得得得得得得得得得得得得得得得得得得得得得得得得得得得得得得得得得得得得得得得得得得得得得得得得得得得得得得得得得得得得得得得得得得得得得得得
"[""1148"",""658"",""1-1"",4.5,""扒鸭屁股"",0,0,""255"",""261"",500,0,1,""\""Microsoft YaHei\"""",1]"
"[""429"",""561"",""1-1"",4.5,""老八扒鸭沾点臭卤虾"",0,0,""537"",""23"",500,0,1,""SimHei"",1]"
参见猫王 
2.0倍速是真的嗨皮。
参见猫王
敲钉子*380
高级弹幕
哇哦～
喵啊
参加猫王
2.0倍速你会发现新大陆！！！！！！！！！！！
蓝色计数君NB
跟我走吧天亮就出发 跟我走吧天亮就出发 跟我走吧天亮就出发 跟我走吧天亮就出发
有内味了
牛逼啊
l'l噢噢噢噢
诸葛孔明
参见猫王
得
表白下方计数君
牛逼牛逼NB
嘿呀嘿呀
群魔乱舞
<side=103<color=red>fafafafa</color></side>
太强了
梦幻联动
拉拉拉拉拉拉拉拉拉拉拉拉拉拉拉拉拉拉拉拉拉拉拉拉拉拉拉拉拉拉拉拉拉拉拉拉拉拉拉拉
鬼畜演奏：章鱼哥，诸葛亮，燕小六，汤姆，暂七师，喵帕斯，李永乐，范伟，冰块
当当当当当当当
全体起立!
az。。。
呀~
参见猫王
"[0,0,""1-1"",4.5,""得得得得得得得得得得得得得得得得得得得得\n得得得得得得得得得得得得得得得得得得得得\n得得得得得得得得得得得得得"",0,0,0,0,500,0,1,""SimHei"",1]"
66666666
得得得得得得得得得得得得
谁不起立
得得得
你币有了
致敬经典
快开字幕，发现惊喜！！！！
牛逼
这个乐器长的可真像个人
梦幻联动
再来亿遍
好活啊
我在想着在这儿听原唱会怎么样
回来了，都回来了！
得得得得得
我涂画出我所知的每一处险阻
666
牛逼
众神归位
口圭
参见猫王
得得得
bilibili- ( ゜- ゜)つロ 乾杯~
下次丕定
就没我汤姆不会弹的曲！！！
参见猫王
白嫖失败
爷青回
bilibili- ( ゜- ゜)つロ 乾杯~
bilibili- ( ゜- ゜)つロ 乾杯~
bilibili
得得得得得得得得得得得得得得得得得得得得得得得得得得得得得得得得得得得得得得得得得得得得得
众 神 归 位
参见猫王
城里有几万人
牛逼
派大星：我不打这个电话了
下次一定
得得得得得得得得得得得
1.25速度
得得得得得得得得得
没有我暂七师不会的曲子
bilibili-
地表最强乐团
梦 幻 联 动
文艺复兴
梦开始的地方
提前得得得得得得得得得得得得
全体起立
参见猫王
参见鱼王
爱了牛皮
大佬请我收下我的膝盖
哔哩哔哩（゜-゜）つロ干杯~
众神归位
文艺复兴
不错
Nevada是我梦开始的地方
优秀
快举行颁奖典礼
全明星
我TM直呼内涵
new bee
表白计数君
保护我方计数君
Cowcow牛！
诸葛亮 打开了直播间
全场持续输出：猫王。MPV：孔明
参见猫王
666
up主牛逼！！！！
nevada
爱了爱了
众 神 归 位
66666
众神归位
锤钉子*14
参见猫王
还是1.25倍好听
我艹猫王
参见猫王
bilibili- ( ゜- ゜)つロ 乾杯~
lbwnb
众神归位
没有我小六不会的曲
白嫖
汤姆：就没有我不会弹的曲子
bilibili（゜-゜）つロ 干杯~
现有汤姆后有天
bilibili- ( ゜- ゜)つロ 乾杯~
bilibili- ( ゜- ゜)つロ 乾杯~
Cow 
bilibili []~(￣▽￣)~*
白嫖失败
秒啊*85
bilibili- ( ゜- ゜)つロ 乾杯~
投币了
牛
牛逼！！！
猫王nb
秒啊
参见猫王
参见猫王
草这个给我我一年都弄不出来
ohhhhhhhhhhhhhhhhhhhhhhhhhhhhhhhhhhhhhhhhhhhhhhhhhhhhhhhhhhhhh
鬼畜进军音乐区
bilibili- ( ゜- ゜)つロ 乾杯~ 
诸葛亮？？？
bilibili- ( ゜- ゜)つロ 乾杯~
前方高能
hihi纪念一下
哔哩哔哩(゜-゜)つロ 干杯~
众神之战
666
一点二五倍数贼洗脑
海绵宝宝进入直播间
卧槽？
众神归位
汤姆牛逼！!!！！！！！！
诸葛~亮.亮.亮.亮.亮.亮.亮.亮！
众 神 归 位
nb
啊这
白嫖失败
哔哩哔哩（゜-゜）つロ干杯~
盲猜独立团
bilibili- ( ゜- ゜)つロ乾杯
bilibili- ( ゜- ゜)つロ 乾杯~
哔哩哔哩干杯
bilibili- ( ゜- ゜)つロ 乾杯~
0.
界猫咪摇起来
作者牛逼
哔哩哔哩 (゜-゜)つロ 干杯~
哔哩哔哩(    °_   °)っ□干杯~
小神参上
干杯
"[""0.99"",""0.459"",""1-1"",""4.3"",""正片开始"",0,0,""0"",""0"",""1000"",0,1,""SimHei"",0]"
妙啊
有才是鬼畜该有的样子
bilibili- ( ゜- ゜)つロ 乾杯~
哔哩哔哩干杯
妙啊
铁嘴捕快—归位！
因为你即将远航
真666
bilibili- ( ゜- ゜)つロ 乾杯~
梦幻联动
Every color bleeds to the same
真是妙蛙种子叫上了妙蛙花和妙蛙草一起吃着妙脆角到了妙妙屋，妙到家了
唢呐一吹 通通抬走 
bilibili- ( ゜- ゜)つロ 乾杯~
众神归位
！！！！！
啊这
面——对——恐——惧——
纯路人，请问这就是交响乐吗？爱了爱了
四指琴魔
众神联手
全场最佳：计数君（爷青回）
bilibili- ( ゜- ゜)つロ 乾杯~
集合，参见诸神
哔哩哔哩(゜-゜)つロ 干杯~
哔哩哔哩 （゜-゜）つロ 干杯~-bilibili
漫长的三分钟
up主辛苦!
下次一定
塔米的系个矛盾啊
bilibili乾杯 []~（￣▽￣）~*
佟湘玉起飞
这才是B站原来的样子
参见猫王
ohhhhhhhhhhhhhhhhhhhhhhhhhhhh
众所周知，范伟是一种乐器
汤姆的手指好像能对的上音节
MVP:汤姆
！！！！！！！！！！！！！！！！
没有小六的乐队是不完整的
汤姆是捕鼠冠军，他只是不认真抓杰瑞罢了
向 众 神 敬 礼
bilibili- ( ゜- ゜)つロ 乾杯~bilibili- ( ゜- ゜)つロ 乾杯~bilibili- ( ゜- ゜)つロ 乾杯~
冰溜子
哔哩哔哩 - ( ゜- ゜)つロ 乾杯~
Tom发起了语音聊天
bilibili- ( ゜- ゜)つロ 乾杯~
牛逼
bilibili- ( ゜- ゜)つロ 乾杯~
bilibili——(  °— °)フロ乾杯
bilibili- ( ゜- ゜)つロ 乾杯~
诸葛亮弹琴29下
bilibili- ( ゜- ゜)つロ 乾杯~
bilibili- ( ゜- ゜)つロ 乾杯~
诸葛琴魔
哔哩哔哩 - ( ゜- ゜)つロ 乾杯~
哔哩哔哩 - ( ゜- ゜)つロ 乾杯~
bilibili- ( ゜- ゜)つロ 乾杯~
哔哩哔哩 (゜-゜)つロ 干杯~-bilibili
哔哩哔哩 (゜-゜)つロ 干杯~-bilibili
bilibili- ( ゜- ゜)つロ 乾杯~
好家伙我快睡着的人瞬间清醒
司马懿：当初我就是这么被吓跑的
♬ ♫
致敬
乾杯 []~（￣▽￣）~*
众神归位
中外梦幻联动
无敌的计数君
恭喜！汤姆猫先生获得本场超神！
买个棺材只要998现在购买还送黑人送行
这TM是人淦的事？↓
bilibili- ( ゜- ゜)つロ 乾杯~
众所周知，范伟是一种乐器
bilibili- ( ゜- ゜)つロ 乾杯~
？
诸葛琴魔*1
哔哩哔哩
老同志不讲武德
武神归为全场最亮的仔最亮的仔最亮的仔最亮的仔最亮的仔最亮的仔最亮的仔最亮的仔最亮的仔最亮的崽
鬼才
参见猫王
三联奉上
666
牛逼牛逼牛逼牛逼
bilibili- ( ゜- ゜)つロ 乾杯~ 
nb
bilibili- ( ゜- ゜)つロ 乾杯~ 
牛哉
666
！！！！！！！！！！！
牛逼
好家伙
众神归位
泡泡
就没有我燕小六不会吹的曲子
参见章鱼王
牛皮牛皮牛皮牛皮牛皮牛皮牛皮牛皮牛皮牛皮牛皮牛皮牛皮牛皮牛皮牛皮牛皮牛皮牛皮牛皮
众神归位
"[""7"",""7"",""1-1"",""10"",""全体起立！众神归位！!!!!!!!!!!!!!!"",0,0,""0"",""0"",500,0,1,""SimHei"",1]"
计数菌辛苦了
牛逼
众所周知，范伟是一种乐器
众神归位
众神归位NB
不怕失败
京中有善口技者
好活
bilibili- ( ゜- ゜)つロ 乾杯~
除了抓老鼠我Tom啥都会
众神归位
比博燃
哔哩哔哩（ °-  °）つロ干杯~-bilibili
bilibili- ( ゜- ゜)つロ 乾杯~
李永乐老师！
bilibili- ( ゜- ゜)つロ 乾杯~
最强联动
我已三连，你呢
牛
Red1
全体起立，众神归位
计数君牛逼
混入
bilibili- ( ゜- ゜)つロ 乾杯~
我曹牛逼
敲钉子，100亿下 
无言以表
秀儿-
《众 神 归 位》
哔哩哔哩(゜-゜)つロ 干杯~
永垂不朽
mvq：汤姆
全体起立
众神归位NB
up主早期驯服白嫖者珍贵影像
众神归位2
敲钉子*335
bilibili- ( ゜- ゜)つロ 乾杯~
众神归位
众所周知汤姆除了抓老鼠什么都会
求字幕君心理阴影面积
开炮
众神归位
猫王:MVP理所应当
下次一定
少放原曲骗我（
喵帕斯
我的币呢
诸神之怒
这次一定
bilibili- ( ゜- ゜)つロ 乾杯~
666
汤姆全场输出 
666
up主成功摧毁了我的膝盖
Hey ya hey ya
众神归位
从未离去，何来归来
百家争鸣
众神归位
就没有汤姆哥不会的东西
bilibili- ( ゜- ゜)つロ 乾杯~
汤姆牛逼
没有人比我更懂歌曲（doge）
没有币了不然肯定三连
梦幻联动
bilibili- ( ゜- ゜)つロ 乾杯~
BGM：Vicetone - Nevada鬼畜演奏：章鱼哥，诸葛亮，燕小六，汤姆暂七师，喵帕斯，李永乐，范伟，冰块踩点节奏：海绵宝宝，派大星，章鱼哥绿鱼，红鱼这是做的最认真的一次了，求这次一
这不比博燃！
哔哩哔哩乾杯 []~（￣▽￣）~*
好家伙
bilibili- ( ゜- ゜)つロ 乾杯~
猫王牛逼
琴魔诸葛亮
bilibili- ( ゜- ゜)つロ 乾杯~
bilibili- ( ゜- ゜)つロ 乾杯~
白嫖失败
666666
众神归位 
猫 王 珍 贵 录 像
猫王yyds
走起
bilibili
众神归位
bilibili- ( ゜- ゜)つロ 乾杯~
众神归位
众神归位，凡人避让
我爱1.25倍速
这次一定！！
UP主牛批啊
bilibili- ( ゜- ゜)つロ 乾杯~
计数君乱了
众神归来
牛啊牛啊
里面有原曲哦
诸神黄昏
魔音贯耳
。
bilibili
诸葛先生牛逼啊
bilibili- ( ゜- ゜)つロ 乾杯~
ohhhhh
前方高能
上头
诸葛琴魔 燕小六 范伟 暂七师——b站四大音乐流氓
bilibili
感谢计数君
hhh
bilibili- ( ゜- ゜)つロ 乾杯~
这就是汤姆。沃克吗
众神归位！
bilibili- ( ゜- ゜)つロ 乾杯~
哔哩哔哩 - ( ゜- ゜)つロ 乾杯~
前方核能
众神归来
bilibili- ( ゜- ゜)つロ 乾杯~
C 大 调 钢 琴 五 重 奏
日本农业实在不发达没有金坷垃没法种庄稼
心疼电话
众神归位
bilibili- ( ゜- ゜)つロ 乾杯~
遇事不决，量子力学
众神归位
众神归位
居然毫无违和感
bilibili- ( ゜- ゜)つロ 乾杯~
猫王
666
爱了爱了
哈哈哈哈哈哈哈哈哈哈哈哈哈哈哈哈哈哈哈哈哈哈哈哈哈哈哈哈哈哈哈哈哈哈哈哈哈哈哈哈哈哈哈
梦开始的地方
.
琴魔一诸葛亮
计数君牛逼
bilibili- ( ゜- ゜)つロ 乾杯~ 
镜像NB
我的天下
成功忘记原唱
众神归位
爷青回
好家伙
众神归位，凡人避让
bilibili- ( ゜- ゜)つロ 乾杯~
牛逼
参见猫王
鬼畜中的文艺复兴
哔哩哔哩(゜-゜)つロ 干杯~
六神
曹操进入直播间
参见猫王 
跟着节奏按镜面反转有奇效
准备起飞
诸神谢罪！
bilibili- ( ゜- ゜)つロ 乾杯~
你币没了
三  国  汇  演
bilibili- ( ゜- ゜)つロ 乾杯~
0。0
这好爽的感觉是怎么回事
bilibili- ( ゜- ゜)つロ 乾杯~
猫王
这不比博人传燃
汤姆•贝多芬
66666
空降00:01
全体起立
猫王=日本
厉害
鬼知道我听了多少遍
诸 神 黄 昏
┠
就没有我汤姆不会的曲子
卡点了
ohhh
嘿嘿嘿
厉害
笑死
拜见猫王
音乐区来战！
众神归位！！！
666
bilibili- ( ゜- ゜)つロ 乾杯~
up牛逼
梦幻联动
你无比牛逼
nb
bilibili- ( ゜- ゜)つロ 乾杯~
绝活当赏
bⅰlⅰbⅰlⅰ-（O(∩_∩)O）干杯！
哔哩哔哩干杯
哈哈哈哈哈哈哈哈哈哈哈哈哈
开次元联动
宇宙级连麦
魔音贯耳
弹琴*29
我的天哪
666
全体起立
66666
梦幻联动
敲厉害
bilibili- ( ゜- ゜)つロ 乾杯~
牛啊牛啊牛啊
ccccccccc
阴乐家
牛壁我靠
敲钉子*115414
hhhh
这脑袋是碳基生物的吗
牛啊牛啊
古筝*118
我调整着紊乱的呼吸
首尾呼应
◢◤◢◤◢◤◢◤◢◤◢◤◢◤◢WARNING  WARNING 前方高能 WARNING WARNING ◤◢◤◢◤◢◤◢◤◤◢◤◢◤
全体起立
▂▃▅▆▇▇▆▅▃▂▁▁▂▃▅▆▇▇▆▅▃▂▁▁▂▃▅▆▇▇▆▅▃▂▁▁▂▃▅▆▇▇▆▅▃▂▁▁▂▃▅▆▇▇▆▅▃▂▁▁▂▃▅▆▇▇▆▅▃▂▁▁▂▃▅▆▇▇▆▅▃▂▁▁▂▃▅▆▇▇▆▅▃▂▁▁▂▃▅▆
永远的神
bilibili乾杯 - ( ゜- ゜)つロ
奇怪
王秘书呢
bilibili- ( ゜- ゜)つロ 乾杯~
666
妙啊
众神
我要这币有何用！
妙啊
nb
我枯了
bilibili干杯
bilibili- ( ゜- ゜)つロ 乾杯~
全体起立!！！
诸神黄昏
bilibili（゜-゜）つロ 干杯~
砸座机20
看我*26
"[""0"",""1"",""1-1"",""10"",""鬼畜区永远的神"",""3"",""3"",""28"",""200"",""2000"",0,1,""SimHei, \""Microsoft JhengHei\"""",1]"
二营长你他娘意大利炮呢？
我炸了
nevada-vicetone
爷青回
大悲咒
这个东西作者花了好多天吧
哈哈哈哈哈哈哈哈哈哈哈哈哈哈哈哈哈哈哈哈哈哈哈哈哈哈哈哈哈哈哈哈哈哈哈哈哈哈哈哈哈哈哈哈哈哈哈哈哈哈哈哈哈哈哈哈哈哈哈哈哈哈哈哈哈哈哈哈哈哈哈哈哈哈哈哈h'h'h'h'h'h'h'h'h'h'h'h'
苞
◤◢◤◢◤◢◤◢◤◢WARNING WARNING WARNING 前方 核能 WARNING WARNING WARNING◤◢◤◢◤◢◤◢◤◢
bilibili- ( ゜- ゜)つロ 乾杯~ 
bilibili- ( ゜- ゜)つロ 乾杯~
　　　　　=⊙＿＿＿＿＿＿＿⊙=
bilibili- ( ゜- ゜)つロ 乾杯~
欢迎回来
太牛壁
比博燃
唢呐牛批
哔哩哔哩(゜-゜)つロ 干杯~-bilibili
hhhhhhhhhhhh
众神归位
刚能预警
众神归位
爷青回
本场最佳：计数桑
bilibili- ( ゜- ゜)つロ 乾杯~
哔哩哔哩（゜- ゜）つロ
主C  Tom
          梦   幻   联   动           
鬼粗音乐豪华版
bilibili- ( ゜- ゜)つロ 乾杯~
真牛逼
你永远可以相信猫神
520李群萱
梦幻联动，多厨狂喜
梦开始的地方
音乐鬼才啊
章鱼哥在干嘛？
？白嫖失败。
SDKJFIJSOIFJOISJFIEJ
66669
哔哩哔哩干杯
文艺复兴
诸神黄昏
bilibili- ( ゜- ゜)つロ 乾杯~
bilibili (゜-゜)つロ 乾杯~
众神归位
b i I i b i l i—    （       °    —      °  ）つ 囗   乾杯
bilibili- ( ゜- ゜)つロ 乾杯~
bilibili- ( ゜- ゜)つロ 乾杯~
bilibili- ( ゜- ゜)つロ 乾杯~
6666
梦开始的地方
泣孤舟之嫠妇
众神归来
诸神之战
哔哩哔哩 (゜-゜)つロ 干杯~-bilibili官方
bilibili- ( ゜- ゜)つロ 乾杯~
666
杀疯了
bilibili- ( ゜- ゜)つロ 乾杯~
bilibili- ( ゜- ゜)つロ 乾杯~
ohhhhhhh
bilibili- ( ゜- ゜)つロ乾杯
tomyyds
环绕声
文   艺   复   兴
OHHHHHHHHHHHHHHHHHHHHHHHHHHHHHHHHHHHHHHHHHHHHHHHHHHHHH
众神归位！
哔哩哔哩-(゜-゜)つロ乾杯~
"[""50"",""48"",""0-1"",""5"",""镇站之宝"",""16"",""11"",""552"",""460"",500,0,1,""SimHei, \""Microsoft JhengHei\"""",1]"
计数君辛苦了
真的是绝了
ohhhhhhhhhh
哔哩哔哩 - ( ゜- ゜)つロ 乾杯~
bilibili- ( ゜- ゜)つロ 乾杯~ 
bilibili- ( ゜- ゜)つロ 乾杯~
BGM Nevada       BGM Nevada        BGM Nevada          BGM Nevada
bilibili- ( ゜- ゜)つロ 乾杯~
bilibili- ( ゜- ゜)つロ 乾杯~
我懂了，白嫖是可耻的
bilibili- ( ゜- ゜)つロ 乾杯~
bilibili- ( ゜- ゜)つロ 乾杯~
文艺复兴
众神归位
bilibili- ( ゜- ゜)つロ 乾杯~
一个字，绝
kkskkkskkkskkkskkksk
镇站之宝
砸话筒*93
这次一定
1
优雅永不过时 ! ! !(大声)
bilibili
bilibili- ( ゜- ゜)つロ 乾杯~
bilibili- ( ゜- ゜)つロ 乾杯~
乾杯
ohhhhhhhhhhhhh
这次一定
66666
前方高能
bilibili- ( ゜- ゜)つロ 乾杯~
bilibili- ( ゜- ゜)つロ 乾杯~
我从未见过如此厚颜无耻之人 
这就是B站 
这就是B站 
Van♂样警告
计数君牛逼！
再来一遍
bilibili乾杯
白嫖失败
bilibili- ( ゜- ゜)つロ 乾杯~
诸神黄昏
NB!
众神归位
前 方 高 能
bilibili- ( ゜- ゜)つロ 乾杯~
bilibili- ( ゜- ゜)つロ 乾杯~ 
再来亿遍
感谢up主！
专业带师
◤◢◤◢◤◢◤◢◤◢WARNING WARNING WARNING 前方 核能 WARNING WARNING WARNING◤◢◤◢◤◢◤◢◤◢
乾杯
不愧是猫爷
Bilibili []~(￣▽￣)~*
中西合璧
飞
bilibili- ( ゜- ゜)つロ 乾杯~
众神归位
破次元壁了
bilibili- ( ゜- ゜)つロ 乾杯~
二十分钟！！！
艺术永无止境
众神归位
牛逼
三连有了
bilibili- ( ゜- ゜)つロ 乾杯~
bilibili- ( ゜- ゜)つロ 乾杯~
bibibilibili- ( ゜- ゜)つロ 乾杯~ 
众神云集
bilibili- ( ゜- ゜)つロ 乾杯~
-++-+-+++-++++
派大星x4
诸神黄昏
bilibili- ( ゜- ゜)つロ 乾杯~
先欠着，下辈子也不一定
ohhhhhhhhhhhhh
白嫖失败
全场最佳：猫王TOM
bilibili- ( ゜- ゜)つロ 乾杯~
哔哩哔哩干杯
众神归位
文艺复兴
梦幻联动
bilibili- ( ゜- ゜)つロ 乾杯~
哔哩哔哩(゜-゜)つロ 干杯~ 哔哩哔哩(゜-゜)つロ 干杯~ 哔哩哔哩(゜-゜)つロ 干杯~ 哔哩哔哩(゜-゜)つロ 干杯~ 哔哩哔哩(゜-゜)つロ 干杯~
哔哩哔哩 - ( ゜- ゜)つロ 乾杯~
bilibili- ( ゜- ゜)つロ 乾杯~ 
bilibili- ( ゜- ゜)つロ 乾杯~
恭喜你发现镇站之宝
哈哈哈哈
全体起立
nb
计数君牛逼
bilibili- ( ゜- ゜)つロ 乾杯~
bilibili- ( ゜- ゜)つロ 乾杯~
爷青回
这     次     一     定     ！
乾杯
bilibili- ( ゜- ゜)つロ 乾杯~
全体起立
文艺き
bilibili- ( ゜- ゜)つロ 乾杯~ 
众神归位
汤姆yyds
iiiiiiiiiiiiiiiiiiiiiiiiiiiiiiiiiiiiiiiiii
内华达州:我淦
bilibili- ( ゜- ゜)つロ 乾杯~
赏
全员鬼畜
bibibilibili- ( ゜- ゜)つロ 乾杯~
哔哩哔哩（゜- ゜）つロ乾杯:
娘的老子的黑管呢，给老子拉上来，我倒看你会不会使
诸神之战
我关了弹幕吗
鹰隼率90%
哔哩哔哩 - ( ゜- ゜)つロ 乾杯~
bilibili- ( ゜- ゜)つロ 乾杯~
bilibili- ( ゜- ゜)つロ 乾杯~
bilibili- ( ゜- ゜)つロ 乾杯~
我已经忘记原声了
bilibili- ( ゜- ゜)つロ 乾杯~
盗视频好玩吗
唱的真好
bilibili- ( ゜- ゜)つロ 乾杯~
哔哩哔哩 - ( ゜- ゜)つロ 乾杯~
字幕菌牛批（破音！！！）
歪嘴战神
ohhhhhhhhhhhhhhhhhhhhhhhhhhhhhhhhhhhhhhhhhhhhhhhhhhhhhhhhhhhhhhhhhhhhhhhhhhhhhhhhhhhhhhhhhhhhhhhhhhh
弹幕护体
bilibili- ( ゜- ゜)つロ 乾杯~
敲钉子0下
梦幻联动
bilibili- ( ゜- ゜)つロ 乾杯~
毫无违和感
哔哩哔哩-(゜-゜)つロ乾杯~
"[0,0,""1-1"",4.5,""bilibili"",0,""360"",0,0,500,0,1,""SimHei"",1]"
bilibili- ( ゜- ゜)つロ 乾杯~
。
bilibili- ( ゜- ゜)つロ 乾杯~
bilibili (゜-゜)つロ 乾杯~
跪下接币，左右手各一个！！！
这次一定
*我充满了   决  心
这次一定
bilibili- ( ゜- ゜)つロ 乾杯~
电话质量真好
众神归位
哔哩哔哩 []~（￣▽￣）~*乾杯
高能
哔哩哔哩干杯
bilibili- ( ゜- ゜)つロ 乾杯~
弹幕护体
全体起立
bilibili- ( ゜- ゜)つロ 乾杯~
bilibili- ( ゜- ゜)つロ 乾杯~
bilibili- ( ゜- ゜)つロ 乾杯~
ohhhhhhhhhhhhhhhhhhhhhhhhhhhhhhhhhhhhhhhhhhhhhhhhhhhhhhhhhhhhhhhhhhhhhhhhhhhhhhhhhhhhhhhhhhhhhhhhhhc
bi li bi li- ( ゜- ゜)つロ 乾杯~
OHHHHHHHHHHHHHHHHH
牛逼
bilibili- ( ゜- ゜)つロ 乾杯~
下次丕一定
哔哩哔哩乾杯 []~（*^O^*）~*
bilibili- ( ゜- ゜)つロ 乾杯~
我愿称之为最强
镇站之宝！！！
神々が位につく
请收下我的膝盖
bilibili- ( ゜- ゜)つロ 乾杯~
计数君请做好准备！
看*16
众神！归位！！
众神归位
bilibili- ( ゜- ゜)つロ 乾杯~
bilibili- ( ゜- ゜)つロ 乾杯~
友情提醒：请打开弹幕食用
友情提醒：请打开弹幕食用
友情提醒：请打开弹幕食用
为什么只能投两个币？
前方高能
bilibili- ( ゜- ゜)つロ 乾杯~
章鱼哥
bilibili- ( ゜- ゜)つロ 乾杯~
bilibili- ( ゜- ゜)つロ 乾杯~
众神归位
耳机党已阵亡
bilibili- ( ゜- ゜)つロ 乾杯~
Du
诸神之战
猫王nb
bilibili- ( ゜- ゜)つロ 乾杯~
鬼畜之下
bilibili- ( ゜- ゜)つロ 乾杯~
众神归位 
有生之年竟然还能看到活着的计数君
文艺复兴
喵帕斯！！！
哔哩哔哩- ( ゜- ゜)つロ 乾杯~
他人闪闪烁烁，唯有猫王一直存在
bilibili- ( ゜- ゜)つロ 乾杯~
得得得得得得得得得
bilibili- ( ゜- ゜)つロ 乾杯~
爷青回！！！
bilibili- ( ゜- ゜)つロ 乾杯~
666
解释一下这是古琴不是古筝
"[""200"",""350"",""0.5-1"",""4.5"",""Hey ya hey ya~"",0,0,""200"",""200"",""3000"",0,1,""SimHei"",1]"
1
牛
bilibili- ( ゜- ゜)つロ 乾杯~
前方核能
出道即巅峰
牛逼
bilibili- ( ゜- ゜)つロ 乾杯~
文艺复兴
乌拉
bilibili- ( ゜- ゜)つロ 乾杯~
NB
bilibili- ( ゜- ゜)つロ 乾杯~
fmvp：tom
我的币没了所以只能点赞加收藏
哈哈哈还好还好
bilibili- ( ゜- ゜)つロ 乾杯~
ohhhhhhhhhhhhhhhhhhh
音乐区我这辈子都没有这么无语过
眼花缭乱
bilibili- ( ゜- ゜)つロ 乾杯~
bilibili- ( ゜- ゜)つロ 乾杯~
哔哩哔哩干杯
bilibili- ( ゜- ゜)つロ 乾杯~
bilibili- ( ゜- ゜)つロ 乾杯~
哔哩哔哩(゜-゜)つロ 干杯~-bilibili
1.25倍快乐无限啊
众神归位
众神归位
bilibili- ( ゜- ゜)つロ 乾杯~
汤姆神曲。奥利给！！！
bilibili- ( ゜- ゜)つロ 乾杯~
bilibili- ( ゜- ゜)つロ 乾杯~
                                                                          好家伙
非战斗人员请撤离
点爆三连
我都已经三连了还要我怎样
我已经忘记了原版
众所周知，视频是不能ps的所以是真的
bilibili- ( ゜- ゜)つロ 乾杯~
演奏开始
飞飞飞
bilibili- ( ゜- ゜)つロ 乾杯~
bilibili- ( ゜- ゜)つロ 乾杯~
bilibili- ( ゜- ゜)つロ 乾杯~
牛逼
再来一次
这是爷最后一个币了
众神归位
"c,"
下次一定
前方核能
王者归来
众神归位
特别爱听
众神归位
这还真的毫无违和感海绵宝宝加上忙，海绵宝宝海绵宝宝。
Ohhhhhhhhhhhhhhhhhhhhhhhhhhhhhhhhhhhhhhhhhhhhhhhhhhhhhhhhhhhhhhhhhhhhhhhhhhhhhhhhhhhhhhhhhhhhhhhhhhh
跨时期交响乐
众神归位
bilibili- ( ゜- ゜)つロ 乾杯~
计数君辛苦了
一键三连走一波
敲钉子*436下
诸葛亮 :我弹的这音乐真好听 
钢琴师汤姆
镇站之宝
离大谱
nb
bilibili- ( ゜- ゜)つロ 乾杯~ 
众神归位，全体起立！
啊オ
计数君封神
建议1.25倍食用
参见猫王
bilibili- ( ゜- ゜)つロ 乾杯~
文艺复兴
准备好
bilibili- ( ゜- ゜)つロ 乾杯~
笑问客从何处来
众神归位
就没有我汤姆弹不了的曲子
bilibili- ( ゜- ゜)つロ 乾杯~ 
众神归位
bilibili- ( ゜- ゜)つロ 乾杯~
ohhhhh hhhhhhhhhhhh hhhhhhhhhhhhhhhhhhhhhhhhhhhhhhhhhhhhhhhh hhhhhhhhhhhh hhhhhhhhhhhhhhhhhhhhhhhhhh
芜湖！起飞！！！！！
危
牛逼
【OHHHHH】
梦幻联动
直播上春晚
NB了UP
众神归位众神归位众神归位众神归位众神归位众神归位众神归位众神归位众神归位众神归位众神归位众神归位众神归位众神归位众神归位众神归位众神归位众神归位众神归位众神归位众神归位众神归位众神归位众神归位众神归位
国际交响乐是吧
敲钉子*114514
恭喜你发现了宝藏
bilibili- ( ゜- ゜)つロ 乾杯~
扛把子
绝了
双开好爽
维C
海绵宝宝最累的一期
bilibili- ( ゜- ゜)つロ 乾杯~
等等等等等等等等等等等等等等等等等等
已三连
众神归位
牛批
汤姆持续输出
HOOOOO
bilibili- ( ゜- ゜)つロ 乾杯~
bilibili- ( ゜- ゜)つロ 乾杯~
这不比灵魂还灵魂
记数君～
梦幻联动。
派大星真卖力
我v了！！！！！！！！！！！！！！！！！！！！！！！
中西合璧
牛逼！
bilibili- ( ゜- ゜)つロ 乾杯~
众神已归位
bilibili- ( ゜- ゜)つロ 乾杯~
bilibili- ( ゜- ゜)つロ 乾杯~
57个兄弟
好家伙
这是一场融汇中外、贯通古今的音乐盛典，同时将想象力、灵感创作、计算机技术、重大历史事件等看似毫不相干的事物的有机结合，充分体现了联系的普遍性和特殊性的辩证统一
bilibili- ( ゜- ゜)つロ 乾杯~
bilibili- ( ゜- ゜)つロ 乾杯~
bilibili- ( ゜- ゜)つロ 乾杯~
梦幻联动
古今和奏
bilibili- ( ゜- ゜)つロ 乾杯~
bilibili- ( ゜- ゜)つロ 乾杯~
nb
bilibili- ( ゜- ゜)つロ 乾杯~
众神归位！全体起立！
参见猫王
局
大哥
把我Siri震出来了
bilibili- ( ゜- ゜)つロ 乾杯~
章鱼哥的梦想
兼职的汤姆
计数君辛苦了
请来关注我看我的逗比视频，我的幽默天才天下无双《我得小弟弟之歌》我比金馆长还逗比，比金馆长还逗比比金馆长还逗比。新年搞笑大赏，春节搞笑大赏，请看《我的小弟弟之歌》搞笑之神啊你降临吧！I im 稀锐——
众神归位
nb
东   西   合   壁
能不能让空气好好振动
能不能让琴弦好好振动
参见猫王
真就上古时期
哈哈哈
(ಥ_ಥ)是在下输了
Happy
66666
火钳刘明
我要这币有何用
FGSFWAEF
nb，这次一定
鬼畜区作者个个是作曲家，真尼玛离谱
bilibili- ( ゜- ゜)つロ 乾杯~
白色计数菌还在挣扎！
2022前来考古
草，燃起来了
nb
秀
情不自禁的抖起了腿
神々が帰位する
牛逼
梦幻联动
NB
吕蒙进入了直播间
汤姆猫。
nb
火钳刘明
我想问如果有人没打开弹幕 你在弹幕上发打开弹幕那些人能看到吗
bilibili- ( ゜- ゜)つロ 乾杯~
逐渐魔化
跨次元合作
众所周知，范伟是一种乐器
第54回，空城计。
你的猫王无限猖狂
bilibili- ( ゜- ゜)つロ 乾杯~
敲钉子120下。
唢呐竖笛钢琴古筝白眼泡泡砸电话干嚎吹玻璃瓶笛子锤子加钉子
操操操操操操操操操操操操操操操操操操操操操操操操操操操操操操操操操操操操操操操操操操操操操操操操操操操操操操操操操操操操操操操操操操操操操操操操操操操操操操操操操操操操操操操操操操操操操操操操操操操操
琴魔牛逼
哎 人生无常 大肠包小肠
哦哦哦哦哦哦哦哦哦哦
汤姆除了抓老鼠不行其他的都行
火钳刘明
汤姆：我已经准备好了
bilibili- ( ゜- ゜)つロ 乾杯~
bilibili- ( ゜- ゜)つロ 乾杯~
汤姆汤姆
小猫咪，摇……对不起走错片场了
这木板多硬啊，那么久了钉子没敲进去
强大起来
♫ ♬ ♪ ♩ ♭ ♪♫ ♬ ♪ ♩ ♭ ♪♫ ♬ ♪ ♩ ♭ ♪♫ ♬ ♪ ♩ ♭ ♪♫ ♬ ♪ ♩ ♭ ♪♫ ♬ ♪ ♩ ♭ ♪♫ ♬ ♪ ♩ ♭ ♪♫ ♬ ♪ ♩ ♭ ♪♫ ♬ ♪ ♩ ♭ ♪♫
MVP：汤姆
"Hey, you ain't just me  "
♫ ♬ ♪ ♩ ♭ ♪♫ ♬ ♪ ♩ ♭ ♪♫ ♬ ♪ ♩ ♭ ♪♫ ♬ ♪ ♩ ♭ ♪♫ ♬ ♪ ♩ ♭ ♪♫ ♬ ♪ ♩ ♭ ♪♫ ♬ ♪ ♩ ♭ ♪♫ ♬ ♪ ♩ ♭ ♪♫ ♬ ♪ ♩ ♭ ♪♫
♫ ♬ ♪ ♩ ♭ ♪♫ ♬ ♪ ♩ ♭ ♪♫ ♬ ♪ ♩ ♭ ♪♫ ♬ ♪ ♩ ♭ ♪♫ ♬ ♪ ♩ ♭ ♪♫ ♬ ♪ ♩ ♭ ♪♫ ♬ ♪ ♩ ♭ ♪♫ ♬ ♪ ♩ ♭ ♪♫ ♬ ♪ ♩ ♭ ♪♫
计数君NB
爷青回
"Hey yeah, hey yeah, 嘿 耶，嘿 耶，"
"Hey yeah, hey yeah, 嘿 耶，嘿 耶，"
众神归位！！！！
bilibili- ( ゜- ゜)つロ 乾杯~
bilibili- ( ゜- ゜)つロ 乾杯~
众神归来
司马懿：惹不起，惹不起
恭喜你发现镇站之宝(≧∇≦)
冻听
人类早期驯服黑管
敲钉子＊1038
◣◥◣◥DRANGR◣◥◣◥◣◥◣◥DRANGR◣◥◣◥◣◥◣◥DRANGR◣◥◣◥◣◥◣◥DRANGR◣◥◣◥◣◥◣◥DRANGR◣◥◣◥◣◥◣◥DRANGR◣◥◣◥◣◥◣◥DRANGR◣◥
诸 神 黄 昏
计数君牛逼
您的点歌never已上线 
史诗联动
 哔哩哔哩 (゜-゜)つロ 乾杯
快看是野生记数君
ddd
逐渐离谱。。。
汤姆从没让我失望过
牛逼啊！猫王tom
跨次元演奏會
众神归位
牛逼牛逼
？
少拿原版糊弄我
前方高能！！
◢◣◢◣◢◣◢◣◢◣◢◣◢◣◢◣◢◣◢◣◢◣◢◣◢◣◢◣◢◣◢◣◢◣◢◣◢◣◢◣
我居然听上头了
万物皆可吹
古 今 中 外
nb
这才是鬼畜最初的样子，梦回2018，比博燃
二倍直接起飞
众神时代
好
每周必看
bilibili- ( ゜- ゜)つロ 乾杯
钢 琴 块
我的币从我的口袋中飞了
建议0.5倍速播放
建议0.5倍速播放
【诸葛村夫】 加入了游戏
挂电话*3
挂电话*9
挂电话*22
挂电话*23
挂电话*26
挂电话*34
手机一直震动，手都麻了
三连加关注了
空降00：01
感谢计数菌
bilibili- ( ゜- ゜)つロ 乾杯~
Thank you
真•一秒999
面筋～面筋～
dddddddddddddddddddddddddddddddddddddddddddddddddddddddddddddddddddddddddddddddddddddddddddddddddd
"[""81"",""317"",""0.58-1"",""10"",""众神归位"",""5"",""3"",""175"",""66"",500,0,1,""SimHei"",1]"
汤姆琴圣
比博燃
感受恩典吧
众 神 归 位！！！
进度君撑住
海绵宝宝和派大星“真”神助攻
三连了
诸神归位
什么时候拿回音乐版权？
 ◢◤◢◤◢◤◢◤◢◤◢◤ ◢◤◢◤◢◤◢◤◢◤◢ ◢◤◢◤◢◤◢◤◢◤◢◤ ◢◤◢◤◢◤◢◤◢◤◢ ◢◤◢◤◢◤◢◤◢◤◢◤ ◢◤◢◤◢◤◢◤◢◤◢ ◢◤◢◤◢◤◢◤◢◤◢◤ ◢◤◢◤◢◤◢◤◢◤◢
猫王
琴圣汤姆持续输出。
真的哇塞啊
《众神归位》《众神归位》《众神归位》《众神归位》《众神归位》《众神归位》《众神归位》《众神归位》《众神归位》《众神归位》《众神归位》《众神归位》《众神归位》《众神归位》《众神归位》《众神归位》
音乐奇才呀
手机逐渐没电
优雅!太优雅了！
"[0,0,""1-1"",7,""众神归位，全体起立"",13,0,0,0,500,0,1,""SimHei"",1,""M32,25L35,27L43,36L57,53L68,67L76,75L89,84L92,87L93,87L96,91L98,92L98,93L98,93""]"
为什么没有唢呐？
汤姆；我手好疼
海绵宝宝的计数君呢
▄▅▆▇█▇▆▅▄▄▅▆▇█▇▆▅▄▄▅▆▇█▇▆▅▄▄▅▆▇█▇▆▅▄▄▅▆▇█▇▆▅▄▄▅▆▇█▇▆▅▄▄▅▆▇█▇▆▅▄▄▅▆▇█▇▆▅▄▄▅▆▇█▇▆▅▄▄▅▆▇█▇▆▅▄▄▅▆▇█▇▆▅▄▄
众神归位
梦开始了
别拿原曲糊弄我（doge）
原曲是NEvers
视频看完后汤姆手都要废了
优雅，实在优雅
不愧是MVP汤姆
汤姆大师开场，必须三连！！！
挂电话*34
全场最佳：TOM
◣◥◣◥DRANGR◣◥◣◥◣◥◣◥DRANGR◣◥◣◥◣◥◣◥DRANGR◣◥◣◥◣◥◣◥DRANGR◣◥◣◥◣◥◣◥DRANGR◣◥◣◥◣◥◣◥DRANGR◣◥◣◥◣◥◣◥DRANGR◣◥
▄▅▆▇█▇▆▅▄▄▅▆▇█▇▆▅▄▄▅▆▇█▇▆▅▄▄▅▆▇█▇▆▅▄▄▅▆▇█▇▆▅▄▄▅▆▇█▇▆▅▄▄▅▆▇█▇▆▅▄▄▅▆▇█▇▆▅▄▄▅▆▇█▇▆▅▄▄▅▆▇█▇▆▅▄▄▅▆▇█▇▆▅▄▄
【每周必看】
诸葛魔琴
文艺复兴
众神归位，众神归位，众神归位，众神归位，众神归位，众神归位众神归位，众神归位，众神归位，众神归位，众神归位，众神归位众神归位，众神归位，众神归位，众神归位，众神归位，众神归位，众神归位，众神归位
"[0,0,""1-1"",4.5,""666"",0,0,0,0,500,0,1,""SimHei"",1]"
◢◤◢◤◢◤◢◤◢◤◢◤◢◤◢◤◢◤◢◤◢◤◢◤◢◤众神归位◢◤◢◤◢◤◢◤◢◤◢◤◢◤◢◤◢◤◢◤◢◤◢◤◢◤◢◤◢◤◢◤◢◤◢◤◢◤◢◤◢◤◢◤◢◤◢◤◢◤◢◤◢◤众神归位◢◤◢◤◢◤◢◤◢◤◢◤
众神就位，打败汤·贝多芬·姆
舞林外传
了不起
这次一定
全明星
每日必看
谢，我币子没了
四小英雄
全场最佳:汤姆
这个动画.....不对劲
跨次元的演奏
众神归位
每日一遍，烦恼再见
众神归位
全体起立
音乐家们
我没币了 明天给 
恭送天王
曲对币有
▄▅▆▇█▇▆▅▄▄▅▆▇█▇▆▅▄▄▅▆▇█▇▆▅▄▄▅▆▇█▇▆▅▄▄▅▆▇█▇▆▅▄▄▅▆▇█▇▆▅▄▄▅▆▇█▇▆▅▄▄▅▆▇█▇▆▅▄▄▅▆▇█▇▆▅▄▄▅▆▇█▇▆▅▄▄▅▆▇█▇▆▅▄
哔哩哔哩 - ( ゜- ゜)つロ 乾杯！
汤姆完美团战输出
20万的粉丝
deep deep dark
呵呵哈哈哈
牛逼
空袭00：00
优雅
乐器：钉子，钢琴，黑管，钥匙
哔哩哔哩干杯
bilibili- ( ゜- ゜)つロ 干 杯~
《众神归位》
嗨嗨嗨
众神归位
没有tom不会的歌
《字幕还可以识别出来，我哭死》
666
牛牛牛逼，牛牛牛牛逼！
众神归位
优雅
大
俺弟挖了一只袜子塞
古今中外
bilibili- ( ゜- ゜)つロ 乾杯~ 
优雅，太优雅了
bilibili- ( ゜- ゜)つロ 乾杯~
钢琴音高位置都是对的！牛逼！！
您的好友（钢琴猫）已上线
nevada
镇店之宝
拿起了
全体起立
众神归位
nb
""
